﻿<?xml version="1.0" encoding="utf-8"?>
<SPXML-INLINE-FORM>

<SHARE DOC="wtv_common.xml" FORM="wtv_common.xmd" LOAD="1"/>

<SHARE DOC="//wtv/ms_tools.xml" LOAD="1"/>
<SHARE DOC="//wtv/wtv_tools.xml" LOAD="1"/>
<SHARE DOC="//wtv/wtv_tools_web.xml" LOAD="1"/>
<SHARE DOC="//wtv/wtv_tools_soc.xml" LOAD="1"/>
<SHARE DOC="//wtv/wtv_tools_report.xml" LOAD="1"/>
<SHARE DOC="//wtv/wtv_tools_auth.xml" LOAD="1"/>
<SHARE DOC="//wtv/wtv_tools_knlg.xml" LOAD="1"/>
<SHARE DOC="//wtv/wtv_tools_proctor.xml" LOAD="1"/>
<SHARE DOC="//wtv/wtv_tools_xshell.xml" LOAD="1"/>
<SHARE DOC="//wtv/wtv_tools_chat.xml" LOAD="1"/>
<SHARE DOC="//wtv/wtv_tools_app.xml" LOAD="1"/>
<SHARE DOC="//wtv/wtv_tools_lp.xml" LOAD="1"/>
<SHARE DOC="//wtv/wtv_tools_recr.xml" LOAD="1"/>
<SHARE DOC="//wtv/wtv_tools_vscode.xml" LOAD="1"/>
<SHARE DOC="//wtv/ui_tools.xml" LOAD="1"/>

<SHARE DOC="//wtv/wtv_api.xml" LOAD="1"/>

<!--
<SHARE DOC="//wtv/wtv_tools_envs.xml" LOAD="1"/>
-->

<!-- /*PERSON_HIERARHY*/ -->
<SHARE DOC="//wt_data/catalogs/wtv_person_hierarchys.xml" FORM="wtv_person_hierarchys.xmd"/>
<!-- <SHARE DOC="//wt_data/catalogs/wtv_person_hierarchys_invld_subs_mrkups.xml" FORM="wtv_person_hierarchys_invld_subs_mrkups.xmd"/> -->

<!-- /*MEDIASOUP/SignalR WS Service*/ -->
<SHARE DOC="//wtv/mediasoup/wtv_mediasoup_ws_service.xml" LOAD="1"/>

<SHARE DOC="//wtv/wftws/console_service.xml" LOAD="1"/>
<SHARE DOC="//wtv/wtv_chat_ws_service.xml" LOAD="1"/>
<SHARE DOC="//wtv/wtv_proctor_ws_service.xml" LOAD="1"/>
<SHARE DOC="//wtv/wtv_main_ws_service.xml" LOAD="1"/>
<SHARE DOC="//wtv/wtv_lib_vclass_service.xml" LOAD="1"/>
<SHARE DOC="//wtv/vclass/wtv_lib_vclass_websocket_service.xml" LOAD="1"/>
<SHARE DOC="//wtv/vclass/wtv_vclass_context.xml" FORM="//wtv/vclass/wtv_vclass_context.xmd" LOAD="1"/>
<SHARE DOC="//wtv/wtv_lib_client_bridge_service.xml" LOAD="1"/>
<SHARE DOC="//wtv/wtv_view_types.xml" FORM="wtv_view_types.xmd" LOAD="1"/>

<SHARE DOC="//data_local/wtv_local_settings.xml" FORM="wtv_local_settings.xmd" LOAD="1"/>
<SHARE DOC="//wt_data/wtv_global_settings.xml" FORM="wtv_global_settings.xmd" LOAD="1"/>

<SHARE DOC="//wt_data/lists/wtv_custom_templates.xml" FORM="wtv_custom_templates.xmd" LOAD="1"/>
<SHARE DOC="//wt_data/lists/wtv_lists.xml" FORM="wtv_lists.xmd" LOAD="1"/>
<SHARE DOC="//wt_data/lists/wtv_package_objects.xml" FORM="wtv_package_objects.xmd" LOAD="1"/>
<SHARE DOC="//wt_data/lists/wtv_access_roles.xml" FORM="wtv_access_roles.xmd" LOAD="1"/>
<!--<SHARE DOC="//wt_data/lists/wtv_lngs.xml" FORM="wtv_lngs.xmd" LOAD="1"/>-->
<SHARE DOC="//wt_data/lists/wtv_categorys.xml" FORM="wtv_categorys.xmd" LOAD="1"/>
<SHARE DOC="//wt_data/lists/wtv_admin_access_catalogs.xml" FORM="wtv_admin_access_catalogs.xmd" LOAD="1"/>
<SHARE DOC="//wt_data/lists/wtv_access_blocks.xml" FORM="wtv_access_blocks.xmd" LOAD="1"/>

<SHARE DOC="//wt_data/catalogs/wtv_connections.xml" FORM="wtv_connections.xmd"/>

<SHARE DOC="//wt_data/catalogs/wtv_collaborators.xml" FORM="wtv_collaborators.xmd"/>
<SHARE DOC="//wt_data/catalogs/wtv_group_collaborators.xml" FORM="wtv_group_collaborators.xmd"/>
<SHARE DOC="//wt_data/catalogs/wtv_groups.xml" FORM="wtv_groups.xmd"/>

<SHARE DOC="//wt_data/catalogs/wtv_orgs.xml" FORM="wtv_orgs.xmd"/>
<SHARE DOC="//wt_data/catalogs/wtv_subdivisions.xml" FORM="wtv_subdivisions.xmd"/>
<SHARE DOC="//wt_data/catalogs/wtv_subdivision_groups.xml" FORM="wtv_subdivision_groups.xmd"/>
<SHARE DOC="//wt_data/catalogs/wtv_subdivision_group_subdivisions.xml" FORM="wtv_subdivision_group_subdivisions.xmd"/>
<SHARE DOC="//wt_data/catalogs/wtv_subs.xml" FORM="wtv_subs.xmd"/>
<SHARE DOC="//wt_data/catalogs/wtv_positions.xml" FORM="wtv_positions.xmd"/>
<SHARE DOC="//wt_data/catalogs/wtv_staff_subs.xml" FORM="wtv_staff_subs.xmd"/>

<SHARE DOC="//wt_data/catalogs/wtv_func_managers.xml" FORM="wtv_func_managers.xmd"/>
<SHARE DOC="//wt_data/catalogs/wtv_talent_pool_func_managers.xml" FORM="wtv_talent_pool_func_managers.xmd"/>

<SHARE DOC="//wt_data/catalogs/wtv_substitution_types.xml" FORM="wtv_substitution_types.xmd"/>
<SHARE DOC="//wt_data/catalogs/wtv_substitutions.xml" FORM="wtv_substitutions.xmd"/>

<SHARE DOC="//wt_data/catalogs/wtv_staff_positions.xml" FORM="wtv_staff_positions.xmd"/>
<SHARE DOC="//wt_data/catalogs/wtv_staff_position_starts.xml" FORM="wtv_staff_position_starts.xmd"/>
<SHARE DOC="//wt_data/catalogs/wtv_staff_position_finishs.xml" FORM="wtv_staff_position_finishs.xmd"/>
<SHARE DOC="//wt_data/catalogs/wtv_staff_position_moves.xml" FORM="wtv_staff_position_moves.xmd"/>

<!-- project management -->
<SHARE DOC="//wt_data/catalogs/wtv_projects.xml" FORM="wtv_projects.xmd"/>
<SHARE DOC="//wt_data/catalogs/wtv_project_participants.xml" FORM="wtv_project_participants.xmd"/>
<SHARE DOC="//wt_data/catalogs/wtv_project_participant_roles.xml" FORM="wtv_project_participant_roles.xmd"/>
<SHARE DOC="//wt_data/catalogs/wtv_contacts.xml" FORM="wtv_contacts.xmd"/>
<SHARE DOC="//wt_data/catalogs/wtv_contact_types.xml" FORM="wtv_contact_types.xmd"/>
<SHARE DOC="//wt_data/catalogs/wtv_contact_results.xml" FORM="wtv_contact_results.xmd"/>

<!-- project management -->

<SHARE DOC="//wt_data/catalogs/wtv_position_commons.xml" FORM="wtv_position_commons.xmd"/>
<SHARE DOC="//wt_data/catalogs/wtv_section_instructions.xml" FORM="wtv_section_instructions.xmd"/>
<SHARE DOC="//wt_data/catalogs/wtv_position_common_instructions.xml" FORM="wtv_position_common_instructions.xmd"/>
<SHARE DOC="//wt_data/catalogs/wtv_position_familys.xml" FORM="wtv_position_familys.xmd"/>
<SHARE DOC="//wt_data/catalogs/wtv_qualifications.xml" FORM="wtv_qualifications.xmd"/>
<SHARE DOC="//wt_data/catalogs/wtv_qualification_assignments.xml" FORM="wtv_qualification_assignments.xmd"/>
<SHARE DOC="//wt_data/catalogs/wtv_availability_plans.xml" FORM="wtv_availability_plans.xmd"/>

<SHARE DOC="//wt_data/catalogs/wtv_benefits.xml" FORM="wtv_benefits.xmd"/>
<SHARE DOC="//wt_data/catalogs/wtv_salary_survey_sources.xml" FORM="wtv_salary_survey_sources.xmd"/>
<SHARE DOC="//wt_data/catalogs/wtv_payment_types.xml" FORM="wtv_payment_types.xmd"/>
<SHARE DOC="//wt_data/catalogs/wtv_position_levels.xml" FORM="wtv_position_levels.xmd"/>
<SHARE DOC="//wt_data/catalogs/wtv_payments.xml" FORM="wtv_payments.xmd"/>
<SHARE DOC="//wt_data/catalogs/wtv_salary_surveys.xml" FORM="wtv_salary_surveys.xmd"/>
<SHARE DOC="//wt_data/catalogs/wtv_benefit_items.xml" FORM="wtv_benefit_items.xmd"/>

<SHARE DOC="//wt_data/catalogs/wtv_goods.xml" FORM="wtv_goods.xmd"/>
<SHARE DOC="//wt_data/catalogs/wtv_good_types.xml" FORM="wtv_good_types.xmd"/>
<SHARE DOC="//wt_data/catalogs/wtv_good_instances.xml" FORM="wtv_good_instances.xmd"/>
<SHARE DOC="//wt_data/catalogs/wtv_baskets.xml" FORM="wtv_baskets.xmd"/>
<SHARE DOC="//wt_data/catalogs/wtv_orders.xml" FORM="wtv_orders.xmd"/>

<SHARE DOC="//wt_data/catalogs/wtv_outstaff_providers.xml" FORM="wtv_outstaff_providers.xmd"/>
<SHARE DOC="//wt_data/catalogs/wtv_outstaff_contracts.xml" FORM="wtv_outstaff_contracts.xmd"/>
<SHARE DOC="//wt_data/catalogs/wtv_outstaff_orders.xml" FORM="wtv_outstaff_orders.xmd"/>
<SHARE DOC="//wt_data/catalogs/wtv_outstaff_order_executions.xml" FORM="wtv_outstaff_order_executions.xmd"/>
<SHARE DOC="//wt_data/catalogs/wtv_outstaff_type_materials.xml" FORM="wtv_outstaff_type_materials.xmd"/>
<SHARE DOC="//wt_data/catalogs/wtv_outstaff_additional_works.xml" FORM="wtv_outstaff_additional_works.xmd"/>
<SHARE DOC="//wt_data/catalogs/wtv_outstaff_order_execution_stages.xml" FORM="wtv_outstaff_order_execution_stages.xmd"/>

<SHARE DOC="//wt_data/catalogs/wtv_action_reports.xml" FORM="wtv_action_reports.xmd"/>
<SHARE DOC="//wt_data/catalogs/wtv_resources.xml" FORM="wtv_resources.xmd"/>
<SHARE DOC="//wt_data/catalogs/wtv_resource_types.xml" FORM="wtv_resource_types.xmd"/>


<SHARE DOC="//wt_data/catalogs/wtv_courses.xml" FORM="wtv_courses.xmd"/>
<SHARE DOC="//wt_data/catalogs/wtv_course_parts.xml" FORM="wtv_course_parts.xmd"/>
<SHARE DOC="//wt_data/catalogs/wtv_course_modules.xml" FORM="wtv_course_modules.xmd"/>
<SHARE DOC="//wt_data/catalogs/wtv_active_learnings.xml" FORM="wtv_active_learnings.xmd"/>
<SHARE DOC="//wt_data/catalogs/wtv_learnings.xml" FORM="wtv_learnings.xmd"/>
<SHARE DOC="//wt_data/catalogs/wtv_learning_parts.xml" FORM="wtv_learning_parts.xmd"/>

<SHARE DOC="//wt_data/catalogs/wtv_object_experts.xml" FORM="wtv_object_experts.xmd"/>

<SHARE DOC="//wt_data/catalogs/wtv_learning_records.xml" FORM="wtv_learning_records.xmd"/>
<SHARE DOC="//wt_data/catalogs/wtv_proctoring_systems.xml" FORM="wtv_proctoring_systems.xmd"/>


<SHARE DOC="//wt_data/catalogs/wtv_active_test_learnings.xml" FORM="wtv_active_test_learnings.xmd"/>
<SHARE DOC="//wt_data/catalogs/wtv_test_learnings.xml" FORM="wtv_test_learnings.xmd"/>

<SHARE DOC="//wt_data/catalogs/wtv_documents.xml" FORM="wtv_documents.xmd"/>
<SHARE DOC="//wt_data/catalogs/wtv_document_comment_entrys.xml" FORM="wtv_document_comment_entrys.xmd"/>
<SHARE DOC="//wt_data/catalogs/wtv_document_collaborators.xml" FORM="wtv_document_collaborators.xmd"/>
<SHARE DOC="//wt_data/catalogs/wtv_subscriptions.xml" FORM="wtv_subscriptions.xmd"/>
<SHARE DOC="//wt_data/catalogs/wtv_forums.xml" FORM="wtv_forums.xmd"/>
<SHARE DOC="//wt_data/catalogs/wtv_forum_entrys.xml" FORM="wtv_forum_entrys.xmd"/>
<SHARE DOC="//wt_data/catalogs/wtv_blogs.xml" FORM="wtv_blogs.xmd"/>
<SHARE DOC="//wt_data/catalogs/wtv_blog_authors.xml" FORM="wtv_blog_authors.xmd"/>
<SHARE DOC="//wt_data/catalogs/wtv_blog_entrys.xml" FORM="wtv_blog_entrys.xmd"/>
<SHARE DOC="//wt_data/catalogs/wtv_blog_entry_comments.xml" FORM="wtv_blog_entry_comments.xmd"/>
<SHARE DOC="//wt_data/catalogs/wtv_polls.xml" FORM="wtv_polls.xmd"/>
<SHARE DOC="//wt_data/catalogs/wtv_poll_results.xml" FORM="wtv_poll_results.xmd"/>
<SHARE DOC="//wt_data/catalogs/wtv_poll_procedures.xml" FORM="wtv_poll_procedures.xmd"/>
<SHARE DOC="//wt_data/catalogs/wtv_banners.xml" FORM="wtv_banners.xmd"/>
<SHARE DOC="//wt_data/catalogs/wtv_chats.xml" FORM="wtv_chats.xmd"/>
<SHARE DOC="//wt_data/catalogs/wtv_personal_chats.xml" FORM="wtv_personal_chats.xmd"/>

<SHARE DOC="//wt_data/catalogs/wtv_hosts.xml" FORM="wtv_hosts.xmd"/>
<SHARE DOC="//wt_data/catalogs/wtv_sites.xml" FORM="wtv_sites.xmd"/>
<SHARE DOC="//wt_data/catalogs/wtv_site_owner_objects.xml" FORM="wtv_site_owner_objects.xmd"/>
<SHARE DOC="//wt_data/catalogs/wtv_web_designs.xml" FORM="wtv_web_designs.xmd"/>
<SHARE DOC="//wt_data/catalogs/wtv_web_modes.xml" FORM="wtv_web_modes.xmd"/>

<SHARE DOC="//wt_data/catalogs/wtv_likes.xml" FORM="wtv_likes.xmd"/>
<SHARE DOC="//wt_data/catalogs/wtv_social_entrys.xml" FORM="wtv_social_entrys.xmd"/>
<SHARE DOC="//wt_data/catalogs/wtv_changes.xml" FORM="wtv_changes.xmd"/>

<SHARE DOC="//wt_data/catalogs/wtv_accounts.xml" FORM="wtv_accounts.xmd"/>
<SHARE DOC="//wt_data/catalogs/wtv_transactions.xml" FORM="wtv_transactions.xmd"/>
<SHARE DOC="//wt_data/catalogs/wtv_invoices.xml" FORM="wtv_invoices.xmd"/>
<SHARE DOC="//wt_data/catalogs/wtv_cost_centers.xml" FORM="wtv_cost_centers.xmd"/>
<SHARE DOC="//wt_data/catalogs/wtv_pay_phases.xml" FORM="wtv_pay_phases.xmd"/>
<SHARE DOC="//wt_data/catalogs/wtv_budget_periods.xml" FORM="wtv_budget_periods.xmd"/>
<SHARE DOC="//wt_data/catalogs/wtv_budgets.xml" FORM="wtv_budgets.xmd"/>
<SHARE DOC="//wt_data/catalogs/wtv_budget_objects.xml" FORM="wtv_budget_objects.xmd"/>
<SHARE DOC="//wt_data/catalogs/wtv_budget_types.xml" FORM="wtv_budget_types.xmd"/>
<SHARE DOC="//wt_data/catalogs/wtv_expense_items.xml" FORM="wtv_expense_items.xmd"/>
<SHARE DOC="//wt_data/catalogs/wtv_contracts.xml" FORM="wtv_contracts.xmd"/>
<SHARE DOC="//wt_data/catalogs/wtv_levels.xml" FORM="wtv_levels.xmd"/>

<SHARE DOC="//wt_data/catalogs/wtv_requests.xml" FORM="wtv_requests.xmd"/>
<SHARE DOC="//wt_data/catalogs/wtv_events.xml" FORM="wtv_events.xmd"/>
<SHARE DOC="//wt_data/catalogs/wtv_event_rooms.xml" FORM="wtv_event_rooms.xmd"/>
<SHARE DOC="//wt_data/catalogs/wtv_event_types.xml" FORM="wtv_event_types.xmd"/>
<SHARE DOC="//wt_data/catalogs/wtv_event_collaborators.xml" FORM="wtv_event_collaborators.xmd"/>
<SHARE DOC="//wt_data/catalogs/wtv_event_room_collaborators.xml" FORM="wtv_event_room_collaborators.xmd"/>
<SHARE DOC="//wt_data/catalogs/wtv_event_results.xml" FORM="wtv_event_results.xmd"/>
<SHARE DOC="//wt_data/catalogs/wtv_event_result_types.xml" FORM="wtv_event_result_types.xmd"/>
<SHARE DOC="//wt_data/catalogs/wtv_event_phases.xml" FORM="wtv_event_phases.xmd"/>
<SHARE DOC="//wt_data/catalogs/wtv_event_groups.xml" FORM="wtv_event_groups.xmd"/>
<SHARE DOC="//wt_data/catalogs/wtv_education_orgs.xml" FORM="wtv_education_orgs.xmd"/>
<SHARE DOC="//wt_data/catalogs/wtv_provider_course_types.xml" FORM="wtv_provider_course_types.xmd"/>
<SHARE DOC="//wt_data/catalogs/wtv_education_org_lectors.xml" FORM="wtv_education_org_lectors.xmd"/>
<SHARE DOC="//wt_data/catalogs/wtv_compound_programs.xml" FORM="wtv_compound_programs.xmd"/>
<SHARE DOC="//wt_data/catalogs/wtv_education_programs.xml" FORM="wtv_education_programs.xmd"/>
<SHARE DOC="//wt_data/catalogs/wtv_lectors.xml" FORM="wtv_lectors.xmd"/>
<SHARE DOC="//wt_data/catalogs/wtv_education_methods.xml" FORM="wtv_education_methods.xmd"/>
<SHARE DOC="//wt_data/catalogs/wtv_object_resources.xml" FORM="wtv_object_resources.xmd"/>
<SHARE DOC="//wt_data/catalogs/wtv_responses.xml" FORM="wtv_responses.xmd"/>
<SHARE DOC="//wt_data/catalogs/wtv_response_types.xml" FORM="wtv_response_types.xmd"/>
<SHARE DOC="//wt_data/catalogs/wtv_education_plans.xml" FORM="wtv_education_plans.xmd"/>
<SHARE DOC="//wt_data/catalogs/wtv_training_plans.xml" FORM="wtv_training_plans.xmd"/>
<SHARE DOC="//wt_data/catalogs/wtv_traning_orders.xml" FORM="wtv_traning_orders.xmd"/>
<SHARE DOC="//wt_data/catalogs/wtv_places.xml" FORM="wtv_places.xmd"/>
<SHARE DOC="//wt_data/catalogs/wtv_learning_tasks.xml" FORM="wtv_learning_tasks.xmd"/>
<SHARE DOC="//wt_data/catalogs/wtv_learning_task_results.xml" FORM="wtv_learning_task_results.xmd"/>

<SHARE DOC="//wt_data/catalogs/wtv_server_agents.xml" FORM="wtv_server_agents.xmd"/>
<SHARE DOC="//wt_data/catalogs/wtv_discharges.xml" FORM="wtv_discharges.xmd"/>
<SHARE DOC="//wt_data/catalogs/wtv_workflows.xml" FORM="wtv_workflows.xmd"/>
<SHARE DOC="//wt_data/catalogs/wtv_request_types.xml" FORM="wtv_request_types.xmd"/>
<SHARE DOC="//wt_data/catalogs/wtv_request_collaborators.xml" FORM="wtv_request_collaborators.xmd"/>
<SHARE DOC="//wt_data/catalogs/wtv_active_notifications.xml" FORM="wtv_active_notifications.xmd"/>
<SHARE DOC="//wt_data/catalogs/wtv_notifications.xml" FORM="wtv_notifications.xmd"/>
<SHARE DOC="//wt_data/catalogs/wtv_notification_templates.xml" FORM="wtv_notification_templates.xmd"/>
<SHARE DOC="//wt_data/catalogs/wtv_system_events.xml" FORM="wtv_system_events.xmd"/>
<SHARE DOC="//wt_data/catalogs/wtv_system_event_handlers.xml" FORM="wtv_system_event_handlers.xmd"/>
<SHARE DOC="//wt_data/catalogs/wtv_notification_systems.xml" FORM="wtv_notification_systems.xmd"/>
<SHARE DOC="//wt_data/catalogs/wtv_codings.xml" FORM="wtv_codings.xmd"/>
<SHARE DOC="//wt_data/catalogs/wtv_webinar_systems.xml" FORM="wtv_webinar_systems.xmd"/>
<SHARE DOC="//wt_data/catalogs/wtv_library_systems.xml" FORM="wtv_library_systems.xmd"/>
<SHARE DOC="//wt_data/catalogs/wtv_channel_providers.xml" FORM="wtv_channel_providers.xmd"/>
<SHARE DOC="//wt_data/catalogs/wtv_script_queue_elems.xml" FORM="wtv_script_queue_elems.xmd"/>

<SHARE DOC="//wt_data/catalogs/wtv_object_data_types.xml" FORM="wtv_object_data_types.xmd"/>
<SHARE DOC="//wt_data/catalogs/wtv_object_datas.xml" FORM="wtv_object_datas.xmd"/>
<SHARE DOC="//wt_data/catalogs/wtv_ui_datas.xml" FORM="wtv_ui_datas.xmd"/>

<SHARE DOC="//wt_data/catalogs/wtv_statistic_recs.xml" FORM="wtv_statistic_recs.xmd"/>
<SHARE DOC="//wt_data/catalogs/wtv_statistic_datas.xml" FORM="wtv_statistic_datas.xmd"/>

<SHARE DOC="//wt_data/catalogs/wtv_exchange_servers.xml" FORM="wtv_exchange_servers.xmd"/>
<SHARE DOC="//wt_data/catalogs/wtv_download_packages.xml" FORM="wtv_download_packages.xmd"/>
<SHARE DOC="//wt_data/catalogs/wtv_upload_packages.xml" FORM="wtv_upload_packages.xmd"/>
<SHARE DOC="//wt_data/catalogs/wtv_file_sources.xml" FORM="wtv_file_sources.xmd"/>

<SHARE DOC="//wt_data/catalogs/wtv_doc_types.xml" FORM="wtv_doc_types.xmd"/>
<SHARE DOC="//wt_data/catalogs/wtv_custom_web_templates.xml" FORM="wtv_custom_web_templates.xmd"/>
<SHARE DOC="//wt_data/catalogs/wtv_custom_web_template_groups.xml" FORM="wtv_custom_web_template_groups.xmd"/>
<SHARE DOC="//wt_data/catalogs/wtv_custom_admin_templates.xml" FORM="wtv_custom_admin_templates.xmd"/>

<SHARE DOC="//wt_data/catalogs/wtv_compound_program_education_methods.xml" FORM="wtv_compound_program_education_methods.xmd"/>
<SHARE DOC="//wt_data/catalogs/wtv_education_program_education_methods.xml" FORM="wtv_education_program_education_methods.xmd"/>
<SHARE DOC="//wt_data/catalogs/wtv_education_method_lectors.xml" FORM="wtv_education_method_lectors.xmd"/>


<SHARE DOC="//qti/qti_tools.xml" LOAD="1"/>
<SHARE DOC="//wt_data/catalogs/qti_items.xml" FORM="//qti/qti_items.xmd"/>
<SHARE DOC="//wt_data/catalogs/qti_assessments.xml" FORM="//qti/qti_assessments.xmd"/>
<SHARE DOC="//wt_data/catalogs/qti_roles.xml" FORM="//qti/qti_roles.xmd"/>
<SHARE DOC="//wt_data/catalogs/qti_testing_systems.xml" FORM="//qti/qti_testing_systems.xmd"/>

<SHARE DOC="//wt_data/catalogs/wtv_test_projects.xml" FORM="wtv_test_projects.xmd"/>


<SHARE DOC="//wt_data/catalogs/wtv_regions.xml" FORM="wtv_regions.xmd"/>
<SHARE DOC="//wt_data/catalogs/wtv_professions.xml" FORM="wtv_professions.xmd"/>
<SHARE DOC="//wt_data/catalogs/wtv_profession_categorys.xml" FORM="wtv_profession_categorys.xmd"/>
<SHARE DOC="//wt_data/catalogs/wtv_appointment_types.xml" FORM="wtv_appointment_types.xmd"/>
<SHARE DOC="//wt_data/catalogs/wtv_vacancys.xml" FORM="wtv_vacancys.xmd"/>
<SHARE DOC="//wt_data/catalogs/wtv_recommendations.xml" FORM="wtv_recommendations.xmd"/>
<SHARE DOC="//wt_data/catalogs/wtv_vacancy_responses.xml" FORM="wtv_vacancy_responses.xmd"/>
<SHARE DOC="//wt_data/catalogs/wtv_vacancy_subscriptions.xml" FORM="wtv_vacancy_subscriptions.xmd"/>
<SHARE DOC="//wt_data/catalogs/wtv_selected_vacancys.xml" FORM="wtv_selected_vacancys.xmd"/>
<SHARE DOC="//wt_data/catalogs/wtv_recruitment_plans.xml" FORM="wtv_recruitment_plans.xmd"/>
<SHARE DOC="//wt_data/catalogs/wtv_vacancy_types.xml" FORM="wtv_vacancy_types.xmd"/>
<SHARE DOC="//wt_data/catalogs/wtv_education_types.xml" FORM="wtv_education_types.xmd"/>
<SHARE DOC="//wt_data/catalogs/wtv_education_forms.xml" FORM="wtv_education_forms.xmd"/>
<SHARE DOC="//wt_data/catalogs/wtv_education_modes.xml" FORM="wtv_education_modes.xmd"/>
<SHARE DOC="//wt_data/catalogs/wtv_skill_types.xml" FORM="wtv_skill_types.xmd"/>
<SHARE DOC="//wt_data/catalogs/wtv_work_conditions.xml" FORM="wtv_work_conditions.xmd"/>
<SHARE DOC="//wt_data/catalogs/wtv_work_modes.xml" FORM="wtv_work_modes.xmd"/>
<SHARE DOC="//wt_data/catalogs/wtv_wage_systems.xml" FORM="wtv_wage_systems.xmd"/>
<SHARE DOC="//wt_data/catalogs/wtv_material_liabilitys.xml" FORM="wtv_material_liabilitys.xmd"/>
<SHARE DOC="//wt_data/catalogs/wtv_work_experiences.xml" FORM="wtv_work_experiences.xmd"/>
<SHARE DOC="//wt_data/catalogs/wtv_vacancy_reasons.xml" FORM="wtv_vacancy_reasons.xmd"/>
<SHARE DOC="//wt_data/catalogs/wtv_recruitment_methods.xml" FORM="wtv_recruitment_methods.xmd"/>
<SHARE DOC="//wt_data/catalogs/wtv_candidate_sources.xml" FORM="wtv_candidate_sources.xmd"/>
<SHARE DOC="//wt_data/catalogs/wtv_estaff_event_types.xml" FORM="wtv_estaff_event_types.xmd"/>
<SHARE DOC="//wt_data/catalogs/wtv_estaff_events.xml" FORM="wtv_estaff_events.xmd"/>
<SHARE DOC="//wt_data/catalogs/wtv_candidate_status_types.xml" FORM="wtv_candidate_status_types.xmd"/>
<SHARE DOC="//wt_data/catalogs/wtv_work_schedules.xml" FORM="wtv_work_schedules.xmd"/>
<SHARE DOC="//wt_data/catalogs/wtv_vacancy_sources.xml" FORM="wtv_vacancy_sources.xmd"/>
<SHARE DOC="//wt_data/catalogs/wtv_selected_resumes.xml" FORM="wtv_selected_resumes.xmd"/>
<SHARE DOC="//wt_data/catalogs/wtv_personal_data_processing_consents.xml" FORM="wtv_personal_data_processing_consents.xmd"/>
<SHARE DOC="//wt_data/catalogs/wtv_recruitment_systems.xml" FORM="wtv_recruitment_systems.xmd"/>
<SHARE DOC="//wt_data/catalogs/wtv_recruitment_events.xml" FORM="wtv_recruitment_events.xmd"/>

<SHARE DOC="//wt_data/catalogs/wtv_contests.xml" FORM="wtv_contests.xmd"/>
<SHARE DOC="//wt_data/catalogs/wtv_participants.xml" FORM="wtv_participants.xmd"/>
<SHARE DOC="//wt_data/catalogs/wtv_contest_marks.xml" FORM="wtv_contest_marks.xmd"/>


<SHARE DOC="//wt_data/catalogs/wtv_submissions.xml" FORM="wtv_submissions.xmd"/>
<SHARE DOC="//wt_data/catalogs/wtv_submission_types.xml" FORM="wtv_submission_types.xmd"/>
<SHARE DOC="//wt_data/catalogs/wtv_submission_recipients.xml" FORM="wtv_submission_recipients.xmd"/>



<!-- ASSESSMENT -->
<SHARE DOC="//wtv/wtv_tools_ass.xml" LOAD="1"/>
<SHARE DOC="//wt_data/catalogs/wtv_kpis.xml" FORM="wtv_kpis.xmd"/>
<SHARE DOC="//wt_data/catalogs/wtv_kpi_groups.xml" FORM="wtv_kpi_groups.xmd"/>
<SHARE DOC="//wt_data/catalogs/wtv_kpi_profiles.xml" FORM="wtv_kpi_profiles.xmd"/>
<SHARE DOC="//wt_data/catalogs/wtv_kpi_managers.xml" FORM="wtv_kpi_managers.xmd"/>
<SHARE DOC="//wt_data/catalogs/wtv_competences.xml" FORM="wtv_competences.xmd"/>
<SHARE DOC="//wt_data/catalogs/wtv_indicators.xml" FORM="wtv_indicators.xmd"/>
<SHARE DOC="//wt_data/catalogs/wtv_competence_profiles.xml" FORM="wtv_competence_profiles.xmd"/>
<SHARE DOC="//wt_data/catalogs/wtv_assessment_appraises.xml" FORM="wtv_assessment_appraises.xmd"/>
<SHARE DOC="//wt_data/catalogs/wtv_pas.xml" FORM="wtv_pas.xmd"/>
<SHARE DOC="//wt_data/catalogs/wtv_assessment_plans.xml" FORM="wtv_assessment_plans.xmd"/>
<SHARE DOC="//wt_data/catalogs/wtv_development_plans.xml" FORM="wtv_development_plans.xmd"/>
<SHARE DOC="//wt_data/catalogs/wtv_supplementary_questions.xml" FORM="wtv_supplementary_questions.xmd"/>
<SHARE DOC="//wt_data/catalogs/wtv_assessment_result_recommends.xml" FORM="wtv_assessment_result_recommends.xmd"/>
<SHARE DOC="//wt_data/catalogs/wtv_competence_blocks.xml" FORM="wtv_competence_blocks.xmd"/>
<SHARE DOC="//wt_data/catalogs/wtv_development_methods.xml" FORM="wtv_development_methods.xmd"/>
<SHARE DOC="//wt_data/catalogs/wtv_bonus_profiles.xml" FORM="wtv_bonus_profiles.xmd"/>
<SHARE DOC="//wt_data/catalogs/wtv_bonus_items.xml" FORM="wtv_bonus_items.xmd"/>
<SHARE DOC="//wt_data/catalogs/wtv_assessment_appraise_matrixs.xml" FORM="wtv_assessment_appraise_matrixs.xmd"/>
<SHARE DOC="//wt_data/catalogs/wtv_objective_translates.xml" FORM="wtv_objective_translates.xmd"/>
<SHARE DOC="//wt_data/catalogs/wtv_competence_profile_familys.xml" FORM="wtv_competence_profile_familys.xmd"/>
<SHARE DOC="//wt_data/catalogs/wtv_order_types.xml" FORM="wtv_order_types.xmd"/>
<SHARE DOC="//wt_data/catalogs/wtv_contract_types.xml" FORM="wtv_contract_types.xmd"/>

<SHARE DOC="//wt_data/catalogs/wtv_formulas.xml" FORM="wtv_formulas.xmd"/>
<SHARE DOC="//wt_data/catalogs/wtv_scales.xml" FORM="wtv_scales.xmd"/>

<SHARE DOC="//wt_data/catalogs/wtv_position_assessment_forms.xml" FORM="wtv_position_assessment_forms.xmd"/>
<SHARE DOC="//wt_data/catalogs/wtv_grades.xml" FORM="wtv_grades.xmd"/>
<SHARE DOC="//wt_data/catalogs/wtv_ratings.xml" FORM="wtv_ratings.xmd"/>
<SHARE DOC="//wt_data/catalogs/wtv_exercises.xml" FORM="wtv_exercises.xmd"/>
<SHARE DOC="//wt_data/catalogs/wtv_tasks.xml" FORM="wtv_tasks.xmd"/>
<SHARE DOC="//wt_data/catalogs/wtv_task_types.xml" FORM="wtv_task_types.xmd"/>
<SHARE DOC="//wt_data/catalogs/wtv_project_types.xml" FORM="wtv_project_types.xmd"/>
<!-- MOBILE -->
<SHARE DOC="//wt_data/catalogs/wtv_mobile_app_configs.xml" FORM="wtv_mobile_app_configs.xmd"/>
<SHARE DOC="//wt_data/catalogs/wtv_device_regs.xml" FORM="wtv_device_regs.xmd"/>

<!-- OTHER -->
<SHARE DOC="//wt_data/catalogs/wtv_covenants.xml" FORM="wtv_covenants.xmd"/>
<SHARE DOC="//wt_data/catalogs/wtv_custom_reports.xml" FORM="wtv_custom_reports.xmd"/>
<SHARE DOC="//wt_data/catalogs/wtv_event_lectors.xml" FORM="wtv_event_lectors.xmd"/>
<SHARE DOC="//wt_data/catalogs/wtv_event_room_lectors.xml" FORM="wtv_event_room_lectors.xmd"/>
<SHARE DOC="//wt_data/catalogs/wtv_education_plan_collaborators.xml" FORM="wtv_education_plan_collaborators.xmd"/>
<SHARE DOC="//wt_data/catalogs/wtv_user_assignments.xml" FORM="wtv_user_assignments.xmd"/>
<SHARE DOC="//wt_data/catalogs/wtv_print_forms.xml" FORM="wtv_print_forms.xmd"/>
<SHARE DOC="//wt_data/catalogs/wtv_event_object_resources.xml" FORM="wtv_event_object_resources.xmd"/>
<SHARE DOC="//wt_data/catalogs/wtv_knowledge_classifiers.xml" FORM="wtv_knowledge_classifiers.xmd"/>
<SHARE DOC="//wt_data/catalogs/wtv_knowledge_parts.xml" FORM="wtv_knowledge_parts.xmd"/>
<SHARE DOC="//wt_data/catalogs/wtv_knowledge_profiles.xml" FORM="wtv_knowledge_profiles.xmd"/>
<SHARE DOC="//wt_data/catalogs/wtv_knowledge_objects.xml" FORM="wtv_knowledge_objects.xmd"/>
<SHARE DOC="//wt_data/catalogs/wtv_knowledges.xml" FORM="wtv_knowledges.xmd"/>
<SHARE DOC="//wt_data/catalogs/wtv_knowledge_acquaints.xml" FORM="wtv_knowledge_acquaints.xmd"/>
<SHARE DOC="//wt_data/catalogs/wtv_experts.xml" FORM="wtv_experts.xmd"/>
<SHARE DOC="//wt_data/catalogs/wtv_expert_questions.xml" FORM="wtv_expert_questions.xmd"/>
<SHARE DOC="//wt_data/catalogs/wtv_acquaints.xml" FORM="wtv_acquaints.xmd"/>
<SHARE DOC="//wt_data/catalogs/wtv_acquaint_assigns.xml" FORM="wtv_acquaint_assigns.xmd"/>
<SHARE DOC="//wt_data/catalogs/wtv_tags.xml" FORM="wtv_tags.xmd"/>
<SHARE DOC="//wt_data/catalogs/wtv_tagged_objects.xml" FORM="wtv_tagged_objects.xmd"/>
<SHARE DOC="//wt_data/catalogs/wtv_knowledge_part_types.xml" FORM="wtv_knowledge_part_types.xmd"/>
<SHARE DOC="//wt_data/catalogs/wtv_knowledge_part_levels.xml" FORM="wtv_knowledge_part_levels.xmd"/>
<SHARE DOC="//wt_data/catalogs/wtv_articles.xml" FORM="wtv_articles.xmd"/>
<SHARE DOC="//wt_data/catalogs/wtv_books.xml" FORM="wtv_books.xmd"/>
<SHARE DOC="//wt_data/catalogs/wtv_event_assessment_plans.xml" FORM="wtv_event_assessment_plans.xmd"/>
<SHARE DOC="//wt_data/catalogs/wtv_operations.xml" FORM="wtv_operations.xmd"/>
<SHARE DOC="//wt_data/catalogs/wtv_boss_types.xml" FORM="wtv_boss_types.xmd"/>
<SHARE DOC="//wt_data/catalogs/wtv_person_object_links.xml" FORM="wtv_person_object_links.xmd"/>
<SHARE DOC="//wt_data/catalogs/wtv_person_object_link_objects.xml" FORM="wtv_person_object_link_objects.xmd"/>
<SHARE DOC="//wt_data/catalogs/wtv_person_object_profiles.xml" FORM="wtv_person_object_profiles.xmd"/>
<SHARE DOC="//wt_data/catalogs/wtv_repositoriums.xml" FORM="wtv_repositoriums.xmd"/>
<SHARE DOC="//wt_data/catalogs/wtv_repositorium_resources.xml" FORM="wtv_repositorium_resources.xmd"/>
<SHARE DOC="//wt_data/catalogs/wtv_repositorium_authors.xml" FORM="wtv_repositorium_authors.xmd"/>
<SHARE DOC="//wt_data/catalogs/wtv_remote_actions.xml" FORM="wtv_remote_actions.xmd"/>
<SHARE DOC="//wt_data/catalogs/wtv_remote_collections.xml" FORM="wtv_remote_collections.xmd"/>
<SHARE DOC="//wt_data/catalogs/wtv_plugins.xml" FORM="wtv_plugins.xmd"/>
<SHARE DOC="//wt_data/catalogs/wtv_web_rules.xml" FORM="wtv_web_rules.xmd"/>
<SHARE DOC="//wt_data/catalogs/wtv_external_systems.xml" FORM="wtv_external_systems.xmd"/>
<SHARE DOC="//wt_data/catalogs/wtv_walktroughs.xml" FORM="wtv_walkthroughs.xmd"/>
<SHARE DOC="//wt_data/catalogs/wtv_digital_signature.xml" FORM="wtv_digital_signatures.xmd"/>
<SHARE DOC="//wt_data/catalogs/wtv_code_librarys.xml" FORM="wtv_code_librarys.xmd"/>

<SHARE DOC="//wt_data/catalogs/wtv_applications.xml" FORM="x-local://wtv/wtv_applications.xmd"/>
<SHARE DOC="//wt_data/catalogs/wtv_application_instances.xml" FORM="x-local://wtv/wtv_application_instances.xmd"/>

<!--
<SHARE DOC="//wt_data/catalogs/wtv_pa_competences.xml" FORM="wtv_pa_competences.xmd"/>
-->
<SHARE DOC="//wt_data/catalogs/wtv_certificates.xml" FORM="wtv_certificates.xmd"/>
<SHARE DOC="//wt_data/catalogs/wtv_certificate_types.xml" FORM="wtv_certificate_types.xmd"/>
<SHARE DOC="//wt_data/catalogs/wtv_override_web_templates.xml" FORM="wtv_override_web_templates.xmd"/>
<SHARE DOC="//wt_data/catalogs/wtv_vendor_states.xml" FORM="wtv_vendor_states.xmd"/>
<SHARE DOC="//wt_data/catalogs/wtv_org_vendor_states.xml" FORM="wtv_org_vendor_states.xmd"/>

<SHARE DOC="//wt_data/catalogs/wtv_kpi_values.xml" FORM="wtv_kpi_values.xmd"/>
<SHARE DOC="//wt_data/catalogs/wtv_kpi_plans.xml" FORM="wtv_kpi_plans.xmd"/>
<SHARE DOC="//wt_data/catalogs/wtv_reprimands.xml" FORM="wtv_reprimands.xmd"/>
<SHARE DOC="//wt_data/catalogs/wtv_reprimand_types.xml" FORM="wtv_reprimand_types.xmd"/>

<!-- API -->
<SHARE DOC="//wt_data/catalogs/wtv_remote_security_profiles.xml" FORM="wtv_remote_security_profiles.xmd"/>
<SHARE DOC="//wt_data/catalogs/wtv_credentials.xml" FORM="wtv_credentials.xmd"/>
<SHARE DOC="//wt_data/catalogs/wtv_remote_applications.xml" FORM="wtv_remote_applications.xmd"/>


<!--  COURSELAB  -->
<SHARE DOC="//wtv/wtv_tools_cl.xml" LOAD="1"/>
<SHARE DOC="//wtv/wtv_lib_cl_service.xml" LOAD="1"/>
<SHARE DOC="//wt_data/catalogs/wtv_cl_courses.xml" FORM="wtv_cl_courses.xmd"/>
<SHARE DOC="//wt_data/catalogs/wtv_cl_modules.xml" FORM="wtv_cl_modules.xmd"/>
<SHARE DOC="//wt_data/catalogs/wtv_cl_slides.xml" FORM="wtv_cl_slides.xmd"/>
<SHARE DOC="//wt_data/catalogs/wtv_cl_objects.xml" FORM="wtv_cl_objects.xmd"/>
<SHARE DOC="//wt_data/catalogs/wtv_cl_shapes.xml" FORM="wtv_cl_shapes.xmd"/>
<SHARE DOC="//wt_data/catalogs/wtv_cl_localizations.xml" FORM="wtv_cl_localizations.xmd"/>
<SHARE DOC="//wt_data/catalogs/wtv_cl_consts.xml" FORM="wtv_cl_consts.xmd"/>
<!-- LIBRARY -->
<SHARE DOC="//wtv/wtv_tools_library.xml" LOAD="1"/>
<SHARE DOC="//wt_data/catalogs/wtv_library_materials.xml" FORM="wtv_library_materials.xmd"/>
<SHARE DOC="//wt_data/catalogs/wtv_library_material_items.xml" FORM="wtv_library_material_items.xmd"/>
<SHARE DOC="//wt_data/catalogs/wtv_library_sections.xml" FORM="wtv_library_sections.xmd"/>
<SHARE DOC="//wt_data/catalogs/wtv_library_material_types.xml" FORM="wtv_library_material_types.xmd"/>
<SHARE DOC="//wt_data/catalogs/wtv_library_material_formats.xml" FORM="wtv_library_material_formats.xmd"/>
<SHARE DOC="//wt_data/catalogs/wtv_library_material_comments.xml" FORM="wtv_library_material_comments.xmd"/>
<SHARE DOC="//wt_data/catalogs/wtv_library_material_objects.xml" FORM="wtv_library_material_objects.xmd"/>
<SHARE DOC="//wt_data/catalogs/wtv_library_material_viewings.xml" FORM="wtv_library_material_viewings.xmd"/>
<SHARE DOC="//wt_data/catalogs/wtv_library_material_source_types.xml" FORM="wtv_library_material_source_types.xmd"/>
<SHARE DOC="//wt_data/catalogs/wtv_licenses.xml" FORM="wtv_licenses.xmd"/>
<SHARE DOC="//wt_data/catalogs/wtv_library_players.xml" FORM="wtv_library_players.xmd"/>

<!--  CARIER  -->
<SHARE DOC="//wt_data/catalogs/wtv_career_reserves.xml" FORM="wtv_career_reserves.xmd"/>
<SHARE DOC="//wt_data/catalogs/wtv_career_reserve_tutors.xml" FORM="wtv_career_reserve_tutors.xmd"/>
<SHARE DOC="//wt_data/catalogs/wtv_career_reserve_types.xml" FORM="wtv_career_reserve_types.xmd"/>
<SHARE DOC="//wt_data/catalogs/wtv_career_plans.xml" FORM="wtv_career_plans.xmd"/>

<SHARE DOC="//wt_data/catalogs/wtv_personnel_reserves.xml" FORM="wtv_personnel_reserves.xmd"/>
<SHARE DOC="//wt_data/catalogs/wtv_personnel_committees.xml" FORM="wtv_personnel_committees.xmd"/>
<SHARE DOC="//wt_data/catalogs/wtv_committee_members.xml" FORM="wtv_committee_members.xmd"/>
<SHARE DOC="//wt_data/catalogs/wtv_career_trees.xml" FORM="wtv_career_trees.xmd"/>
<SHARE DOC="//wt_data/catalogs/wtv_typical_development_programs.xml" FORM="wtv_typical_development_programs.xmd"/>
<SHARE DOC="//wt_data/catalogs/wtv_exclusion_reasons.xml" FORM="wtv_exclusion_reasons.xmd"/>
<SHARE DOC="//wt_data/catalogs/wtv_talent_pool_nominations.xml" FORM="wtv_talent_pool_nominations.xmd"/>

<SHARE DOC="//wt_data/catalogs/wtv_resumes.xml" FORM="wtv_resumes.xmd"/>
<SHARE DOC="//wt_data/catalogs/wtv_skills.xml" FORM="wtv_skills.xmd"/>
<SHARE DOC="//wt_data/catalogs/wtv_professional_areas.xml" FORM="wtv_professional_areas.xmd"/>
<SHARE DOC="//wt_data/catalogs/wtv_professional_area_types.xml" FORM="wtv_professional_area_types.xmd"/>
<SHARE DOC="//wt_data/catalogs/wtv_resume_skills.xml" FORM="wtv_resume_skills.xmd"/>
<SHARE DOC="//wt_data/catalogs/wtv_tutors.xml" FORM="wtv_tutors.xmd"/>
<SHARE DOC="//wt_data/catalogs/wtv_development_potentials.xml" FORM="wtv_development_potentials.xmd"/>
<SHARE DOC="//wt_data/catalogs/wtv_efficiency_estimations.xml" FORM="wtv_efficiency_estimations.xmd"/>
<SHARE DOC="//wt_data/catalogs/wtv_risk_perspectives.xml" FORM="wtv_risk_perspectives.xmd"/>
<SHARE DOC="//wt_data/catalogs/wtv_risk_levels.xml" FORM="wtv_risk_levels.xmd"/>
<SHARE DOC="//wt_data/catalogs/wtv_key_position_threats.xml" FORM="wtv_key_position_threats.xmd"/>
<SHARE DOC="//wt_data/catalogs/wtv_key_positions.xml" FORM="wtv_key_positions.xmd"/>
<SHARE DOC="//wt_data/catalogs/wtv_readiness_levels.xml" FORM="wtv_readiness_levels.xmd"/>
<SHARE DOC="//wt_data/catalogs/wtv_successors.xml" FORM="wtv_successors.xmd"/>
<!--  -->

<!-- DEANS OFFICE -->
<SHARE DOC="//wt_data/catalogs/wtv_dn_auditoriums.xml" FORM="wtv_dn_auditoriums.xmd"/>
<SHARE DOC="//wt_data/catalogs/wtv_dn_disciplines.xml" FORM="wtv_dn_disciplines.xmd"/>
<SHARE DOC="//wt_data/catalogs/wtv_dn_block_disciplines.xml" FORM="wtv_dn_block_disciplines.xmd"/>
<SHARE DOC="//wt_data/catalogs/wtv_dn_academ_years.xml" FORM="wtv_dn_academ_years.xmd"/>
<SHARE DOC="//wt_data/catalogs/wtv_dn_control_forms.xml" FORM="wtv_dn_control_forms.xmd"/>
<SHARE DOC="//wt_data/catalogs/wtv_dn_educat_events.xml" FORM="wtv_dn_educat_events.xmd"/>
<SHARE DOC="//wt_data/catalogs/wtv_dn_specials.xml" FORM="wtv_dn_specials.xmd"/>
<SHARE DOC="//wt_data/catalogs/wtv_dn_specializations.xml" FORM="wtv_dn_specializations.xmd"/>
<SHARE DOC="//wt_data/catalogs/wtv_dn_program_discipls.xml" FORM="wtv_dn_program_discipls.xmd"/>
<SHARE DOC="//wt_data/catalogs/wtv_dn_prog_disc_appends.xml" FORM="wtv_dn_prog_disc_appends.xmd"/>
<SHARE DOC="//wt_data/catalogs/wtv_dn_train_method_complexs.xml" FORM="wtv_dn_train_method_complexs.xmd"/>
<SHARE DOC="//wt_data/catalogs/wtv_dn_students.xml" FORM="wtv_dn_students.xmd"/>
<SHARE DOC="//wt_data/catalogs/wtv_dn_terms.xml" FORM="wtv_dn_terms.xmd"/>
<SHARE DOC="//wt_data/catalogs/wtv_dn_stud_centrtest_results.xml" FORM="wtv_dn_stud_centrtest_results.xmd"/>
<SHARE DOC="//wt_data/catalogs/wtv_dn_stud_groups.xml" FORM="wtv_dn_stud_groups.xmd"/>
<SHARE DOC="//wt_data/catalogs/wtv_dn_streams.xml" FORM="wtv_dn_streams.xmd"/>
<SHARE DOC="//wt_data/catalogs/wtv_dn_subject_plans.xml" FORM="wtv_dn_subject_plans.xmd"/>
<SHARE DOC="//wt_data/catalogs/wtv_dn_ind_educat_plans.xml" FORM="wtv_dn_ind_educat_plans.xmd"/>
<SHARE DOC="//wt_data/catalogs/wtv_dn_work_curriculums.xml" FORM="wtv_dn_work_curriculums.xmd"/>
<SHARE DOC="//wt_data/catalogs/wtv_dn_lessons.xml" FORM="wtv_dn_lessons.xmd"/>
<SHARE DOC="//wt_data/catalogs/wtv_dn_schedules.xml" FORM="wtv_dn_schedules.xmd"/>
<SHARE DOC="//wt_data/catalogs/wtv_dn_control_events.xml" FORM="wtv_dn_control_events.xmd"/>
<SHARE DOC="//wt_data/catalogs/wtv_dn_registers.xml" FORM="wtv_dn_registers.xmd"/>
<SHARE DOC="//wt_data/catalogs/wtv_dn_academ_debts.xml" FORM="wtv_dn_academ_debts.xmd"/>
<SHARE DOC="//wt_data/catalogs/wtv_dn_register_students.xml" FORM="wtv_dn_register_students.xmd"/>
<SHARE DOC="//wt_data/catalogs/wtv_dn_discipl_blocks.xml" FORM="wtv_dn_discipl_blocks.xmd"/>
<SHARE DOC="//wt_data/catalogs/wtv_dn_group_students.xml" FORM="wtv_dn_group_students.xmd"/>
<SHARE DOC="//wt_data/catalogs/wtv_dn_educat_forms.xml" FORM="wtv_dn_educat_forms.xmd"/>
<SHARE DOC="//wt_data/catalogs/wtv_dn_edu_conditions.xml" FORM="wtv_dn_edu_conditions.xmd"/>

<!-- LRS -->
<SHARE DOC="//wtv/wtv_tools_lrs.xml" LOAD="1"/>
<SHARE DOC="//wt_data/catalogs/wtv_statements.xml" FORM="wtv_statements.xmd"/>
<SHARE DOC="//wt_data/catalogs/wtv_activitys.xml" FORM="wtv_activitys.xmd"/>
<SHARE DOC="//wt_data/catalogs/wtv_activity_states.xml" FORM="wtv_activity_states.xmd"/>
<SHARE DOC="//wt_data/catalogs/wtv_learning_storages.xml" FORM="wtv_learning_storages.xmd"/>
<SHARE DOC="//wt_data/catalogs/wtv_profiles.xml" FORM="wtv_profiles.xmd"/>
<SHARE DOC="//wt_data/catalogs/wtv_verbs.xml" FORM="wtv_verbs.xmd"/>

<SHARE DOC="//wt_data/catalogs/wtv_chatbot_types.xml" FORM="wtv_chatbot_types.xmd"/>
<SHARE DOC="//wt_data/catalogs/wtv_chatbot_chats.xml" FORM="wtv_chatbot_chats.xmd"/>
<SHARE DOC="//wt_data/catalogs/wtv_chatbot_stages.xml" FORM="wtv_chatbot_stages.xmd"/>
<SHARE DOC="//wt_data/catalogs/wtv_chatbots.xml" FORM="wtv_chatbots.xmd"/>
<SHARE DOC="//wt_data/catalogs/wtv_chatbot_chatbot_types.xml" FORM="wtv_chatbot_chatbot_types.xmd"/>
<SHARE DOC="//wt_data/catalogs/wtv_custom_chatbot_templates.xml" FORM="wtv_custom_chatbot_templates.xmd"/>

<SHARE DOC="//wt_data/catalogs/wtv_conversation_types.xml" FORM="wtv_conversation_types.xmd"/>
<SHARE DOC="//wt_data/catalogs/wtv_conversations.xml" FORM="wtv_conversations.xmd"/>
<SHARE DOC="//wt_data/catalogs/wtv_block_messages.xml" FORM="wtv_block_messages.xmd"/>
<SHARE DOC="//wt_data/catalogs/wtv_person_messages.xml" FORM="wtv_person_messages.xmd"/>
<SHARE DOC="//wt_data/catalogs/wtv_calls.xml" FORM="wtv_calls.xmd"/>
<SHARE DOC="//wt_data/catalogs/wtv_web_person_states.xml" FORM="wtv_web_person_states.xmd"/>

<SHARE DOC="//wt_data/catalogs/wtv_sales.xml" FORM="wtv_sales.xmd"/>
<SHARE DOC="//wt_data/catalogs/wtv_providers.xml" FORM="wtv_providers.xmd"/>
<SHARE DOC="//wt_data/catalogs/wtv_pay_stages.xml" FORM="wtv_pay_stages.xmd"/>
<SHARE DOC="//wt_data/catalogs/wtv_sale_statuss.xml" FORM="wtv_sale_statuss.xmd"/>
<SHARE DOC="//wt_data/catalogs/wtv_messenger_services.xml" FORM="wtv_messenger_services.xmd"/>
<SHARE DOC="//wt_data/catalogs/wtv_sale_contracts.xml" FORM="wtv_sale_contracts.xmd"/>
<SHARE DOC="//wt_data/catalogs/wtv_closing_documents.xml" FORM="wtv_closing_documents.xmd"/>
<SHARE DOC="//wt_data/catalogs/wtv_closing_document_statuss.xml" FORM="wtv_closing_document_statuss.xmd"/>
<SHARE DOC="//wt_data/catalogs/wtv_fact_payments.xml" FORM="wtv_fact_payments.xmd"/>
<SHARE DOC="//wt_data/catalogs/wtv_prices.xml" FORM="wtv_prices.xmd"/>
<SHARE DOC="//wt_data/catalogs/wtv_expenses.xml" FORM="wtv_expenses.xmd"/>
<SHARE DOC="//wt_data/catalogs/wtv_dimensions.xml" FORM="wtv_dimensions.xmd"/>
<SHARE DOC="//wt_data/catalogs/wtv_contract_states.xml" FORM="wtv_contract_states.xmd"/>
<SHARE DOC="//wt_data/catalogs/wtv_sale_contract_types.xml" FORM="wtv_sale_contract_types.xmd"/>
<SHARE DOC="//wtv/wtv_temp_ui_lng.xml" FORM="//wtv/wtv_form_ui_lng.xmd" LOAD="1"/>


<SHARE DOC="//wt_data/catalogs/wtv_forum_theme_read_by_collaborators.xml" FORM="wtv_forum_theme_read_by_collaborators.xmd"/>
<SHARE DOC="//wt_data/catalogs/wtv_component_packages.xml" FORM="wtv_component_packages.xmd"/>

<SHARE DOC="//trash/catalogs/trash_docs.xml" FORM="x-local://app/sx_trash_docs.xmd"/>
<!--
<SHARE DOC="//trash/catalogs/wtv_object_versions.xml" FORM="x-local://wtv/wtv_object_versions.xmd"/>
-->
<SHARE DOC="//wt_data/catalogs/wtv_object_versions.xml" FORM="x-local://wtv/wtv_object_versions.xmd"/>

<SHARE DOC="//trash/catalogs/wtv_active_web_templates.xml" FORM="x-local://wtv/wtv_active_web_templates.xmd"/>
<SHARE DOC="//trash/catalogs/wtv_user_datas.xml" FORM="x-local://wtv/wtv_user_datas.xmd"/>
<SHARE DOC="//trash/catalogs/wtv_profiling_records.xml" FORM="x-local://wtv/wtv_profiling_records.xmd"/>

<SHARE DOC="//wt_data/catalogs/wtv_wiki_article_types.xml" FORM="wtv_wiki_article_types.xmd"/>
<SHARE DOC="//wt_data/catalogs/wtv_wiki_bases.xml" FORM="wtv_wiki_bases.xmd"/>
<SHARE DOC="//wt_data/catalogs/wtv_wiki_articles.xml" FORM="wtv_wiki_articles.xmd"/>
<SHARE DOC="//wt_data/catalogs/wtv_wiki_article_communication_types.xml" FORM="wtv_wiki_article_communication_types.xmd"/>
<SHARE DOC="//wt_data/catalogs/wtv_wiki_article_communications.xml" FORM="wtv_wiki_article_communications.xmd"/>

<SHARE DOC="//wt_data/catalogs/wtv_schedule_types.xml" FORM="wtv_schedule_types.xmd"/>
<SHARE DOC="//wt_data/catalogs/wtv_presence_states.xml" FORM="wtv_presence_states.xmd"/>
<SHARE DOC="//wt_data/catalogs/wtv_schedule_days.xml" FORM="wtv_schedule_days.xmd"/>
<SHARE DOC="//wt_data/catalogs/wtv_collaborator_schedules.xml" FORM="wtv_collaborator_schedules.xmd"/>
<SHARE DOC="//wt_data/catalogs/wtv_interval_schedules.xml" FORM="wtv_interval_schedules.xmd"/>

<SHARE DOC="//wt_data/catalogs/wtv_policys.xml" FORM="wtv_policys.xmd"/>
<SHARE DOC="//wt_data/catalogs/wtv_policy_types.xml" FORM="wtv_policy_types.xmd"/>
<SHARE DOC="//wt_data/catalogs/wtv_check_schedules.xml" FORM="wtv_check_schedules.xmd"/>
<SHARE DOC="//wt_data/catalogs/wtv_vclass_settings.xml" FORM="wtv_vclass_settings.xmd"/>
<SHARE DOC="//wt_data/catalogs/wtv_presentations.xml" FORM="wtv_presentations.xmd"/>

<SHARE DOC="//wt_data/catalogs/wtv_time_entrys.xml" FORM="wtv_time_entrys.xmd"/>

<SHARE DOC="//wt_data/catalogs/wtv_restricting_types.xml" FORM="wtv_restricting_types.xmd"/>
<SHARE DOC="//wt_data/catalogs/wtv_restricting_collaborator_schedules.xml" FORM="wtv_restricting_collaborator_schedules.xmd"/>
<SHARE DOC="//wt_data/catalogs/wtv_work_schedule_types.xml" FORM="wtv_work_schedule_types.xmd"/>
<SHARE DOC="//wt_data/catalogs/wtv_working_condition_types.xml" FORM="wtv_working_condition_types.xmd"/>
<SHARE DOC="//wt_data/catalogs/wtv_salary_payment_types.xml" FORM="wtv_salary_payment_types.xmd"/>
<SHARE DOC="//wt_data/catalogs/wtv_working_conditions.xml" FORM="wtv_working_conditions.xmd"/>
<SHARE DOC="//wt_data/catalogs/wtv_work_forms.xml" FORM="wtv_work_forms.xmd"/>
<SHARE DOC="//wt_data/catalogs/wtv_absence_reserves.xml" FORM="wtv_absence_reserves.xmd"/>


<SHARE DOC="//wt_data/catalogs/wtv_object_links.xml" FORM="wtv_object_links.xmd"/>
<SHARE DOC="//wt_data/catalogs/wtv_user_recommendations.xml" FORM="wtv_user_recommendations.xmd"/>
<SHARE DOC="//wt_data/catalogs/wtv_recommender_select_collaborators.xml" FORM="wtv_recommender_select_collaborators.xmd"/>
<SHARE DOC="//wt_data/catalogs/wtv_recommender_algorithm_applyings.xml" FORM="wtv_recommender_algorithm_applyings.xmd"/>
<SHARE DOC="//wt_data/catalogs/wtv_recommender_algorithms.xml" FORM="wtv_recommender_algorithms.xmd"/>

<!-- APP CONFIGURATION -->
<SHARE DOC="//wt_data/catalogs/wtv_admin_configurations.xml" FORM="wtv_admin_configurations.xmd"/>
<SHARE DOC="//wt_data/catalogs/wtv_view_configurations.xml" FORM="wtv_view_configurations.xmd"/>

<!-- QA -->
<SHARE DOC="//wt_data/catalogs/wtv_qa_tests.xml" FORM="wtv_qa_tests.xmd"/>
<SHARE DOC="//wt_data/catalogs/wtv_qa_test_sets.xml" FORM="wtv_qa_test_sets.xmd"/>
<SHARE DOC="//wt_data/catalogs/wtv_qa_test_paramset.xml" FORM="wtv_qa_test_paramsets.xmd"/>
<SHARE DOC="//wt_data/catalogs/wtv_qa_test_result.xml" FORM="wtv_qa_test_results.xmd"/>

<SHARE DOC="//wt_data/catalogs/wtv_object_requirements.xml" FORM="wtv_object_requirements.xmd"/>

<!-- statement -->
<SHARE DOC="//wt_data/catalogs/wtv_statement_actors.xml" FORM="wtv_statement_actors.xmd"/>
<SHARE DOC="//wt_data/catalogs/wtv_statement_objects.xml" FORM="wtv_statement_objects.xmd"/>
<SHARE DOC="//wt_data/catalogs/wtv_statement_components.xml" FORM="wtv_statement_components.xmd"/>
<SHARE DOC="//wt_data/catalogs/wtv_statement_patterns.xml" FORM="wtv_statement_patterns.xmd"/>
<SHARE DOC="//wt_data/catalogs/wtv_statement_attachments.xml" FORM="wtv_statement_attachments.xmd"/>
<SHARE DOC="//wt_data/catalogs/wtv_statement_additionals.xml" FORM="wtv_statement_additionals.xmd"/>

<!-- personnel_document -->
<SHARE DOC="//wt_data/catalogs/wtv_personnel_document_types.xml" FORM="wtv_personnel_document_types.xmd"/>
<SHARE DOC="//wt_data/catalogs/wtv_personnel_documents.xml" FORM="wtv_personnel_documents.xmd"/>

<SHARE DOC="//wt_data/catalogs/wtv_cl_video_courses.xml" FORM="wtv_cl_video_courses.xmd"/>

<SHARE DOC="//wt_data/catalogs/wtv_object_claims.xml" FORM="wtv_object_claims.xmd"/>

<USE FORM="//wtv/wtv_general.xmd"/>

<view_main>

	<tab_selector TYPE="integer" NOT-NULL="1" DEFAULT="0"/>

	<version TYPE="string"/>
	<version_server TYPE="string"/>

	<after_install TYPE="bool" DEFAULT="false"/>

	<is_worker_role TYPE="bool" NOT-NULL="1" DEFAULT="true"/>
	<is_web_role TYPE="bool" NOT-NULL="1" DEFAULT="true"/>

	<agent_obj TYPE="variant"/>
	<send_obj TYPE="variant"/>
	<statistic_obj TYPE="variant"/>
	<queue_agent_obj TYPE="variant"/>
	<queue_recorder_obj TYPE="variant"/>
	<queue_node_obj TYPE="variant"/>
	<chat_socket_queue_obj TYPE="variant"/>
	<save_block_message_queue_obj TYPE="variant"/>
	<call_queue_obj TYPE="variant"/>

	<script_queue_obj TYPE="variant"/>
	<script_queue_clear_obj TYPE="variant"/>
	<agent_garbage_obj TYPE="variant"/>
	<queue_learnings_obj TYPE="variant"/>
	<person_hierarchy_update_obj TYPE="variant"/>
	<handle_statements_analytics_obj TYPE="variant"/>
	<statement_process_obj TYPE="variant"/>
	<fetch_doc_queue_obj TYPE="variant"/>

	<disp_progress TYPE="bool" DEFAULT="false"/>
	<tasks>
		<task MULTIPLE="1" PRIMARY-KEY="id">
			<progress_title TYPE="string"/>
			<result_num TYPE="integer"/>

			<INHERIT TYPE="task_info_base"/>
		</task>
	</tasks>
	<callback_tasks>
		<callback_task MULTIPLE="1" PRIMARY-KEY="id">
			<INHERIT TYPE="task_info_base"/>
		</callback_task>
	</callback_tasks>


	<admin_configuration>
		<func_block_id TYPE="string"/>
	</admin_configuration>

</view_main>


<OnInit PROPERTY="1" EXPR="

	function register_doc_types()
	{
//CUSTOM DOC TYPES begin
		try
		{
			function regAllDocTypes()
			{
				_arrDocTypes = new Array();
				_aRegLine = new Array();
				for ( catDocTypeElem in doc_types )
				if (ArrayOptFind(_arrDocTypes, 'This == ' + CodeLiteral(catDocTypeElem.object_name.Value)) == undefined)
				{
					try
					{
						_oReturnValue = tools.register_doc_type(null, catDocTypeElem.id);
						if (_oReturnValue.success)
							_aRegLine.push(_oReturnValue);

						_arrDocTypes.push(catDocTypeElem.object_name.Value);
					}
					catch( err )
					{
						alert( 'Universal document types processing error occured:\n' + err );
					}
				}
				return _aRegLine;
			}

			aRegCustomTypesMeta = regAllDocTypes();
			tools.register_doc_types_catalog(aRegCustomTypesMeta, false);
			if (LdsIsServer &amp;&amp; ! tools.upgrade_locked )
			{
				for (oRegCustomTypeMeta in aRegCustomTypesMeta)
					tools.spxml_unibridge.Object.provider.RebuildIndexesIfModified('prime','dbo',oRegCustomTypeMeta.object_form_url, 0);
			}
		}
		catch(_universal_doc_types_shit_)
		{
			alert('Universal document types processing error occured:\n' + _universal_doc_types_shit_)
		}
//CUSTOM DOC TYPES end
	}
	if( ! LdsIsServer )
	{
		if ( System.IsWebClient )
		{
/*
			arrInvalidBlocks = [
				{ 'block': 'prop', 'items': [ 'packages', 'tasks' ] }
			];
			for ( oInvalidBlockElem in arrInvalidBlocks )
				for ( sItemElem in oInvalidBlockElem.items )
					access_blocks.GetChildByKey( oInvalidBlockElem.block ).structure.items.GetChildByKey( sItemElem ).Delete();
*/
		}
		else
		{
			local_settings.certificate_template_exists = FilePathExists( UrlAppendPath( FilePathToUrl( AppDirectoryPath() ), '/template/certificate_template.html' ) );
		}

		RegisterAutoDoc( '//wt_data/lists/wtv_disp_object_blocks.xml', '//wtv/wtv_disp_object_blocks.xmd' );
		RegisterSharedDoc( '//wt_data/lists/wtv_disp_object_blocks.xml', '//wtv/wtv_disp_object_blocks.xmd' );

		RegisterAutoDoc( '//wtv/wtv_lngs.xml', '//wtv/wtv_lngs.xmd' );
		RegisterSharedDoc( '//wtv/wtv_lngs.xml', '//wtv/wtv_lngs.xmd' );

		//RegisterSharedSampleScreenForm( '//wtv/wtv_general.xms' );
		//RegisterSharedSampleScreenForm( '//wtv/ms_general.xms' );

		try
		{
			tools.update_cur_user();
			tools.update_cur_user_groups();
		}
		catch ( dd )
		{
		}

		local_settings.is_demo = global_settings.is_demo;


// Admin: UI LNG begin
		if ( local_settings.ui_lng_id.HasValue )
		{
			ms_tools.set_ui_lng( local_settings.ui_lng_id );
		}
// Admin: UI LNG end


// Admin: DEFAULT PACKAGE begin
		fldPackage = ArrayOptFirstElem( package_objects );
		if ( fldPackage == undefined )
		{
			try
			{
				fldPackage = package_objects.AddChild();
				fldPackage.name = ms_tools.get_const('novyy');
				package_objects.Doc.Save();
				local_settings.package_id = fldPackage.PrimaryKey;
			}
			catch ( err )
			{
				alert( err );
			}
		}
		else if ( ! package_objects.ChildByKeyExists( local_settings.package_id ) )
		{
			local_settings.package_id = fldPackage.PrimaryKey;
		}
// Admin: DEFAULT PACKAGE end


// Admin: COPY CATALOG LICENSES and COPY CAPABILITY and VERSION begin
		oData = CallServerMethod( 'ms_tools', 'get_admin_init_server_data' );
//PutUrlText(UrlToFilePath('x-local://logs/1.txt'),'EncodeJson(oData) = '+EncodeJson(oData));
		for ( fldLicenseCatalogElem in OpenDocFromStr( tools.xml_header() + oData.catalog_limits ).TopElem )
			common.exchange_object_types.GetOptChildByKey( fldLicenseCatalogElem.name ).max_records_num = fldLicenseCatalogElem.max_records_num;

		tools.sys_db_capability = oData.sys_db_capability;

		TopElem.version_server = oData.version_server;

		var sOsType = oData.GetOptProperty( 'os_type' );
		if ( sOsType != undefined &amp;&amp; sOsType != '' )
			tools.os_type = sOsType;
// Admin: COPY CATALOG LICENSES and COPY CAPABILITY and VERSION end


// Admin: SET IDM ACCESS BLOCKS begin
		var arrClaims = tools.get_access_role_claims();
		if ( arrClaims != null )
		{
			iListIndex = 0;
			access_blocks.Clear();
			for ( oClaimElem in ArraySelectByKey( arrClaims, 'module', 'type' ) )
			{
				fldAccessBlockTypeElem = common.access_block_types.GetOptChildByKey( oClaimElem.name );
				if ( fldAccessBlockTypeElem == undefined )
				{
					continue;
				}
				fldAccessBlockChild = access_blocks.ObtainChildByKey( fldAccessBlockTypeElem.PrimaryKey );
				fldAccessBlockChild.AssignElem( fldAccessBlockTypeElem );
				fldAccessBlockChild.is_std = true;
				fldAccessBlockChild.is_license = true;
				fldAccessBlockChild.SetChildIndex( iListIndex );
				iListIndex++;
			}
			for ( fldAccessBlockElem in access_blocks )
			{
				if ( fldAccessBlockElem.list_index.HasValue &amp;&amp; fldAccessBlockElem.list_index != fldAccessBlockElem.ChildIndex )
				{
					fldAccessBlockElem.SetChildIndex( fldAccessBlockElem.list_index );
					alert( 'Acces block &quot;' + fldAccessBlockElem.PrimaryKey + '&quot; set child index ' + fldAccessBlockElem.list_index + '.' );
				}
			}
		}
// Admin: SET IDM ACCESS BLOCKS end


// Admin: SET ICON TO LICENSE CATALOGS + PERSON LINK FIELD begin
		for ( fldAccessBlockElem in access_blocks )
		{
			if ( ! fldAccessBlockElem.is_license )
			{
				sSuffix = UrlPathSuffix( fldAccessBlockElem.icon_url );
				if ( ! StrEnds( fldAccessBlockElem.icon_url, '_grey' + sSuffix ) )
					fldAccessBlockElem.icon_url = StrReplace( fldAccessBlockElem.icon_url, sSuffix, '_grey' + sSuffix );
			}

			if ( fldAccessBlockElem.disp )
			{
				fldAccessBlockChild = local_settings.temp.access_blocks.ObtainChildByKey( fldAccessBlockElem.PrimaryKey );
				fldAccessBlockChild.AssignElem( fldAccessBlockElem );
				for ( fldItemFirstElem in fldAccessBlockElem.structure.items )
				{
					if ( fldItemFirstElem.person_link_field.HasValue )
					{
						fldAccessBlockChild.items.AddChild().AssignElem( fldItemFirstElem );
					}
					for ( fldItemSecondElem in fldItemFirstElem.items )
					{
						if ( fldItemSecondElem.person_link_field.HasValue )
						{
							fldAccessBlockChild.items.AddChild().AssignElem( fldItemSecondElem );
						}
						for ( fldItemThirdElem in fldItemSecondElem.items )
						{
							if ( fldItemThirdElem.person_link_field.HasValue )
							{
								fldAccessBlockChild.items.AddChild().AssignElem( fldItemThirdElem );
							}
						}
					}
				}
			}
		}
// Admin: SET ICON TO LICENSE CATALOGS + PERSON LINK FIELD end


// Admin: OBTAIN COMMON EVENT TYPES
	tools.update_commons_event_types( false );


		local_settings.tab_block_id.Clear();
		register_doc_types();

	}
	else
	{

		tools.app_insights_threshold =  tools.get_xhttp_ini('APP-INGISHTS-THRESHOLD' )==undefined ? 0 : Int(tools.get_xhttp_ini('APP-INGISHTS-THRESHOLD' ));

// DataCache  begin
	if ( (tools.sys_db_capability &amp; tools.UNI_CAP_BASIC) == 0 )
	{
		try
		{
       tools.spxml_unibridge.Object.provider;
		}
		catch(e) //creating low-tech tools.spxml_unibridge
		{
	    tools.spxml_unibridge = new Object();
	    com_spxml_unibridge_core_dll  = tools.dotnet_host.Object.GetAssembly( 'Websoft.Commons.dll' );
			provider = com_spxml_unibridge_core_dll.CreateClassObject('Websoft.Commons.DataCache');
			provider.Init(AppDirectoryPath());
			tools.spxml_unibridge.Object.provider = provider;
			tools.sys_db_capability = tools.UNI_CAP_USER_CACHE; //flag to use spxml_unibridge UserData Cache
		}
	}
// DataCache begin

// LNGS REGISTER begin
	RegisterAutoDoc( '//wt_data/lists/wtv_lngs.xml', '//wtv/wtv_lngs.xmd' );
	RegisterSharedDoc( '//wt_data/lists/wtv_lngs.xml', '//wtv/wtv_lngs.xmd' );
// LNGS REGISTER end




// dbo: UI LNG begin
	if ( local_settings.ui_lng_id.HasValue )
		ms_tools.set_ui_lng( local_settings.ui_lng_id );
// dbo: UI LNG end


// dbo: FIRST INSTALL FLAG begin
	try
	{
		DeleteUrl( UrlAppendPath( FilePathToUrl( AppDirectoryPath() ), 'fifs' ) );
		TopElem.after_install = true;
		alert( 'First install flag.' );
	}
	catch ( err )
	{
	}
// dbo: FIRST INSTALL FLAG end


// dbo: COPY OLD SETTINGS begin
	try
	{
		if ( TopElem.after_install )
		{
			tools.copy_url( 'x-local://last/wtv_global_settings.xml', global_settings.Doc.Url );
			alert( 'Copy old global settings.' );
		}
	}
	catch ( err )
	{
	}
// dbo: COPY OLD SETTINGS end


// dbo: SET UNIQUE ID SLOT begin
	if ( global_settings.settings.unique_id_slot.HasValue )
	{
		if ( global_settings.settings.unique_id_slot &gt;= 0 &amp;&amp; global_settings.settings.unique_id_slot &lt;= 255 )
		{
			SetUniqueIDSlot( global_settings.settings.unique_id_slot );
			if ( LdsIsServer )
			{
				alert( 'Set Unique ID Slot: ' + global_settings.settings.unique_id_slot + '.' );
			}
		}
		else if ( LdsIsServer )
		{
			alert( 'Set Unique ID Slot: ERROR of value.' );
		}
	}
// dbo: SET UNIQUE ID SLOT end


// dbo: SERVER VERSION begin
	TopElem.version = tools.get_version( 'wtv' );
	alert( 'Server version ' + TopElem.version + '.' );
// dbo: SERVER VERSION end


// dbo: UI LNG begin
	if ( ! local_settings.ui_lng_id.HasValue )
		ms_tools.set_ui_lng( 'russian' );
// dbo: UI LNG end


// dbo: UPGRADE LOCKED begin
	if ( (tools.sys_db_capability &amp; tools.UNI_CAP_BASIC) != 0 &amp;&amp; (tools.sys_db_capability &amp; tools.UNI_CAP_WEB_ROLE) != 0 )
		tools.set_upgrade_locked( true );
// dbo: UPGRADE LOCKED end


// dbo: CATALOGS REBUILD begin
	catalogs_rebuild = false;
	urlRebuild = UrlAppendPath( FilePathToUrl( AppDirectoryPath() ), 'rebuildallcatalogs' );
	if ( tools.file_url_exists( urlRebuild ) )
	{
		RebuildAllCatalogs();
		DeleteUrl( urlRebuild );
		catalogs_rebuild = true;
	}

	if ( ! catalogs_rebuild &amp;&amp; (tools.sys_db_capability &amp; tools.UNI_CAP_BASIC) != 0 )
	{
		storeDoc = tools.spxml_unibridge.Object;
		if ( ! tools.upgrade_locked &amp;&amp; storeDoc.is_at_least_one_register &amp;&amp; storeDoc.is_new_database )
		{
			alert( 'New database detected. Settting flag to rebuild all catalogs' );
			RebuildAllCatalogs();
		}
	}
// dbo: CATALOGS REBUILD end


// dbo: DIREVTORYES CREATE begin
	sDbDirectory = 'x-local://' + DefaultDb + '/';
	arrDirectoryes = [ sDbDirectory,(sDbDirectory+'download_data/'),(sDbDirectory+'updates/'),(sDbDirectory+'upload_data/'),'x-local://wt/web/courselab/module_templates/','x-local://wt/web/library/','x-local://trash/','x-local://trash/temp/' ];
	for ( sDyrectoryNameElem in arrDirectoryes )
	{
		try
		{
			ObtainDirectory( UrlToFilePath( sDyrectoryNameElem ) );
		}
		catch ( err )
		{
			alert( err );
		}
	}
// dbo: DIREVTORYES CREATE end


// dbo: SET AppInstanceID
	AppInstanceID = global_settings.skk_code;


// dbo: DIRECTORYS begin
	for ( sPathElem in [ '/share', '/share/temp' ] )
	{
		sDirectoryPath = AppDirectoryPath() + sPathElem;
		if ( ! IsDirectory( sDirectoryPath ) )
		{
			CreateDirectory( sDirectoryPath );
		}
	}
// dbo: DIRECTORYS end


// dbo: LOGS begin
	if ( ! System.IsWebClient )
	{
		EnableLog( 'email', true );
		EnableLog( 'system_event', true );
		EnableLog( 'agent', true );
		EnableLog( 'access', true );
		EnableLog( 'auth-events', true );
		EnableLog( 'global_settings', true );

		if ( global_settings.settings.disp_log_mail_trans )
			EnableLog( 'mail_trans', true );
		if ( global_settings.settings.disp_log_debug )
		{
			EnableLog( 'debug', true );
			EnableLog( 'profiling', true );
		}

		if ( global_settings.settings.disp_log_web_request )
			tools.enable_log_web_request( true );
	}
// dbo: LOGS end


// dbo: ENCRYPT DLL WRAP begin
	if ( tools.os_type != 'linux' )
	{
		tools.init_encrypt_lib();
	}
// dbo: ENCRYPT DLL WRAP end


// dbo: CLEAR TEMPLATE CACHE begin
	if ( TopElem.after_install )
	{
		try
		{
			alert( 'Clear template cache. Start...' );
			iClearCount = tools_lp.clear_template_cache();
			alert( 'Clear template cache. Finish. Count ' + iClearCount + '.' );
		}
		catch ( err )
		{
			alert( err );
		}
	}
// dbo: CLEAR TEMPLATE CACHE end


// TRIGGER ONSAVEDOC
	RegisterTriggerOnSaveDoc( ms_tools, 'trigger_onsavedoc' );

	register_doc_types()
/////////////////////////////////////////////

	ms_tools.server_on_init( TopElem );

/////////////////////////////////////////////

	}

"/>


<OnAppInit PROPERTY="1" EXPR="

	try
	{
		sApiUrl = 'x-local://source/api_ext.xml';
		if ( tools.file_url_exists_server( sApiUrl ) )
		{
			teApis = OpenDoc( sApiUrl, 'form=x-local://wtv/wtv_form_api_ext.xmd;ignore-top-elem-name=1;' ).TopElem;
			for ( fldApiElem in teApis.apis )
			{
				for ( fldLibElem in fldApiElem.libs )
				{
					if ( fldLibElem.path.HasValue )
					{
						FetchDoc( fldLibElem.path ).SetShared();
						if ( LdsIsServer )
							alert( 'External API Lib: ' + fldLibElem.path + '. Loaded.' );
					}
				}
			}
		}
	}
	catch ( err )
	{
		if ( LdsIsServer )
			alert( 'Error loading external API: ' + err );
	}


	if( ! LdsIsServer )
		return;


/////////////////////////////////////////////

	TopElem.AssignElem( ms_tools.server_on_app_init( TopElem ) );

/////////////////////////////////////////////




// dbo: LICENSE begin
	var teAppLicense = null;
	try
	{
		var assemblyDatexCore = tools.get_object_assembly( 'DatexCore' );
		var sLicenseXml = assemblyDatexCore.CallClassStaticMethod( 'Datex.Core.Licensing', 'GetLicenseEntries' );
		teAppLicense = OpenDocFromStr( sLicenseXml, 'form=x-local://wtv/license.xmd' ).TopElem;
		global_settings.is_demo = teAppLicense.demo;
	}
	catch ( err )
	{
		alert( 'License XML file is not processed. ' + err );
		for ( _field in global_settings )
		{
			if ( StrBegins( _field.Name, 'disp_' ) )
			{
				_field.Value = false;
			}
		}
		global_settings.is_demo = true;
	}
	if ( teAppLicense != null )
	{
		for ( _field in global_settings )
		{
			if ( StrBegins( _field.Name, 'disp_' ) )
			{
				_field.Value = teAppLicense.access_block_types.ChildByKeyExists( StrRightRangePos( _field.Name, 5 ) );
			}
		}
		for ( fldAdditionalKeyElem in ArraySelectAll( teAppLicense.additional_keys ) )
		{
			if ( ( fldAdditionalKeyElem.start_date.HasValue &amp;&amp; fldAdditionalKeyElem.start_date &gt; CurDate ) || ( fldAdditionalKeyElem.finish_date.HasValue &amp;&amp; fldAdditionalKeyElem.finish_date &lt; CurDate ) )
			{
				fldAdditionalKeyElem.Delete();
			}
		}
		tools.object_license = teAppLicense;
	}
	for ( fldObjectTypeElem in common.exchange_object_types )
	{
		oCatalog = DefaultDb.GetOptCatalog( fldObjectTypeElem.name + 's' );
		if ( oCatalog != undefined )
		{
			fldObjectTypeElem.max_records_num = oCatalog.MaxRecordsNum;
		}
	}
	alert( 'License records num processed.' );
// dbo: LICENSE end


//  dbo: POSTINSTALL SCRIPT begin
	try
	{
		EvalCodeUrl( UrlAppendPath( FilePathToUrl( AppDirectoryPath() ), 'is.js' ) );
		DeleteUrl( UrlAppendPath( FilePathToUrl( AppDirectoryPath() ), 'is.js' ) );
		alert( 'Postinstall script completed.' );
	}
	catch ( e )
	{
	}
//  dbo: POSTINSTALL SCRIPT begin


//  dbo: WEB RULES begin
	if ( global_settings.settings.use_web_rules )
	{
		tools_web.get_std_web_rules();
	}
//  dbo: WEB RULES begin

//  dbo: LIBRARY CACHE begin

	tools.init_cache_code_librarys();

//  dbo: LIBRARY CACHE end


//  dbo: GLOBAL THREAD begin
	if ( TopElem.is_worker_role )
	{
		TopElem.agent_obj = new Thread;
		TopElem.agent_obj.Object.EvalCodeUrl( 'x-local://wtv/wtv_global_server_agent.js' );

		TopElem.send_obj = new Thread;
		TopElem.send_obj.Object.EvalCodeUrl( 'x-local://wtv/wtv_agent_send_notifications.js' );

		TopElem.statistic_obj = new Thread;
		TopElem.statistic_obj.Object.EvalCodeUrl( 'x-local://wtv/wtv_agent_calculate_statistics.js' );

		TopElem.person_hierarchy_update_obj = new Thread;
		TopElem.person_hierarchy_update_obj.Object.EvalCodeUrl( 'x-local://wtv/wtv_global_person_hierarchy_update.js' );

		TopElem.handle_statements_analytics_obj = new Thread;
		TopElem.handle_statements_analytics_obj.Object.EvalCodeUrl( 'x-local://wtv/wtv_global_handle_statements_update.js' );

		TopElem.statement_process_obj = new Thread;
		TopElem.statement_process_obj.Object.EvalCodeUrl( 'x-local://wtv/wtv_global_queue_statements_process.js' );

		if ( (tools.sys_db_capability &amp; tools.UNI_CAP_CLUSTER)>0 )
		{
			TopElem.queue_node_obj = new Thread;
			TopElem.queue_node_obj.Object.EvalCodeUrl( 'x-local://wtv/wtv_global_queue_node.js' );
		}

		//if ( (tools.sys_db_capability &amp; tools.UNI_CAP_WORKER_ROLE)>0 &amp;&amp; (tools.sys_db_capability &amp; tools.UNI_CAP_CLUSTER)&gt;0  &amp;&amp;  (tools.sys_db_capability_role_tags == 0 || (tools.sys_db_capability_role_tags &amp; tools.UNI_CAP_AGENT_ROLE_TAG)&gt;0) )
		// should work in non-cluster mode

		TopElem.call_queue_obj = new Thread;
		TopElem.call_queue_obj.Object.EvalCodeUrl( 'x-local://wtv/wtv_global_queue_call.js' );

		TopElem.save_block_message_queue_obj = new Thread;
		TopElem.save_block_message_queue_obj.Object.EvalCodeUrl( 'x-local://wtv/wtv_global_person_messages_update.js' );

		if ( (tools.sys_db_capability_role_tags == 0 || (tools.sys_db_capability_role_tags &amp; tools.UNI_CAP_AGENT_ROLE_TAG)&gt;0) )
		{
			TopElem.queue_agent_obj = new Thread;
			TopElem.queue_agent_obj.Object.EvalCodeUrl( 'x-local://wtv/wtv_global_queue_agent.js' );
		}

		if ( tools.sys_db_capability != 0 )
		{
			TopElem.save_block_message_queue_obj = new Thread;
			TopElem.save_block_message_queue_obj.Object.EvalCodeUrl( 'x-local://wtv/wtv_global_queue_save_recommender_algorithm_applying.js' );

			TopElem.save_block_message_queue_obj = new Thread;
			TopElem.save_block_message_queue_obj.Object.EvalCodeUrl( 'x-local://wtv/wtv_global_queue_save_block_message.js' );

			TopElem.queue_recorder_obj = new Thread;
			TopElem.queue_recorder_obj.Object.EvalCodeUrl( 'x-local://wtv/wtv_global_queue_recorder.js' );

		}

		TopElem.script_queue_obj = new Thread;
		TopElem.script_queue_obj.Object.EvalCodeUrl( 'x-local://wtv/wtv_agent_script_queue.js' );

		if( true )
		{
			t = new Thread;
			t.EvalCodeUrl( 'x-local://wtv/wtv_global_media_handler_queue.js' );
		}

		if( (tools.sys_db_capability &amp; tools.UNI_CAP_CLUSTER)==0 || (tools.sys_db_capability_role_tags &amp; tools.UNI_CAP_NEURAL_HANDLER_ROLE_TAG)&gt;0)
		{
			t = new Thread;
			t.EvalCodeUrl( 'x-local://wtv/wtv_global_neural_handler_queue.js' );
		}

		TopElem.script_queue_clear_obj = new Thread;
		TopElem.script_queue_clear_obj.Object.EvalCodeUrl( 'x-local://wtv/wtv_agent_script_queue_clear.js' );

		if ( global_settings.settings.use_queue_learnings )
		{
			TopElem.queue_learnings_obj = new Thread;
			TopElem.queue_learnings_obj.Object.EvalCodeUrl( 'x-local://wtv/wtv_agent_save_queue_learnings.js' );
		}
	}
	TopElem.chat_socket_queue_obj = new Thread;
	TopElem.chat_socket_queue_obj.Object.EvalCodeUrl( 'x-local://wtv/wtv_global_update_proctoring_sessions.js' );

	TopElem.save_block_message_queue_obj = new Thread;
	TopElem.save_block_message_queue_obj.Object.EvalCodeUrl( 'x-local://wtv/wtv_global_queue_cl_course_online.js' );

	TopElem.save_block_message_queue_obj = new Thread;
	TopElem.save_block_message_queue_obj.Object.EvalCodeUrl( 'x-local://wtv/wtv_global_queue_cl_course_online_priority.js' );

	TopElem.save_block_message_queue_obj = new Thread;
	TopElem.save_block_message_queue_obj.Object.EvalCodeUrl( 'x-local://wtv/wtv_global_queue_idm_update_credential.js' );

	TopElem.chat_socket_queue_obj = new Thread;
	TopElem.chat_socket_queue_obj.Object.EvalCodeUrl( 'x-local://wtv/wtv_global_queue_chat_socket.js' );

	TopElem.chat_socket_queue_obj = new Thread;
	TopElem.chat_socket_queue_obj.Object.EvalCodeUrl( 'x-local://wtv/wtv_global_queue_vclass_socket.js' );

	TopElem.fetch_doc_queue_obj = new Thread;
	TopElem.fetch_doc_queue_obj.Object.EvalCodeUrl( 'x-local://wtv/wtv_global_queue_fetch_doc.js' );

	global_settings.Doc.Save();


//  dbo: GLOBAL THREAD end

"/>





<OnCheckAuth PROPERTY="1" PARAM="Url" PARAM="Login" PARAM="Password" PARAM="AuthType" EXPR="
//alert('OnCheckAuth')

		return tools_auth.OnCheckAuth( Url, Login, Password, AuthType, Request );

"/>


<OnCheckReadAccess PROPERTY="1" EXPR="
//alert('OnCheckReadAccess');
//alert('UserDocUrl = '+UserDocUrl);
//alert('Url = '+Url);

		if ( ! StrContains( Url, '/objects/' ) )
		{
			return true;
		}

		if ( DocIDFromUrl( UserDocUrl ) == DocIDFromUrl( Url ) )
		{
			return true;
		}

		//var curUserAccess = OpenDoc( UserDocUrl, 'form=x-local://wtv/wtv_form_collaborator_access.xmd' ).TopElem;
		//var curUserAccess = CurAuthObject;
		var curObjectDocAccess = OpenDoc( Url, 'form=wtv_uni_doc.xmd;ignore-top-elem-name=1;digest=1' );

		var oRes = tools_auth.check_lds_access_obj( CurAuthObject, curObjectDocAccess, 'read' ); // read;write
		if ( oRes.error != 0 )
		{
			LogEvent( 'auth-events', oRes.error_text + '\tLDS\t' + CurAuthObject.login + '\t' + UrlHost( Url ) + '\t' );
			throw UiError( ms_tools.get_const('r1qggh1a3j') );
		}
"/>


<OnCheckWriteAccess PROPERTY="1" EXPR="
//alert('OnCheckWriteAccess');
//alert('UserDocUrl = '+UserDocUrl);
//alert('Url = '+Url);
		function check_child_exists( TE, sFieldPath )
		{
			var arrFields = String( sFieldPath ).split( '.' );
			var _field;
			var _te_child = TE;
			for( _field in arrFields )
			{
				if( !_te_child.ChildExists( _field ) )
				{
					return false;
				}
				else
				{
					_te_child = _te_child.EvalPath( _field );
				}
			}
			return true;
		}
		//var curUserAccess = OpenDoc( UserDocUrl, 'form=x-local://wtv/wtv_form_collaborator_access.xmd' ).TopElem;
		var curUserAccess = CurAuthObject;

		if ( curUserAccess.access.access_role == 'read_only' )
		{
			throw UiError( ms_tools.get_const('r1qggh1a3j') );
		}

		if ( StrEnds( Url, '/wtv_access_roles.xml' ) )
		{
			if ( curUserAccess.access.access_role != 'admin' &amp;&amp; ArrayOptFind( curUserAccess.access.access_role.ForeignElem.access_blocs, 'id==\'secur\'&amp;&amp;can_write==true' ) == undefined )
			{
				LogEvent( 'auth-events', 'save_access_roles_failure\tLDS\t' + curUserAccess.login + '\t' + UrlHost( Url ) + '\t' );
				throw UiError( ms_tools.get_const('r1qggh1a3j') );
			}
			else
			{
				LogEvent( 'auth-events', 'save_access_roles\tLDS\t' + curUserAccess.login + '\t' + UrlHost( Url ) + '\t' );
				return true;
			}
		}
		else if ( StrEnds( Url, '/wtv_global_settings.xml' ) )
		{
			LogEvent( 'global_settings', 'save_global_settings\tLDS\t' + curUserAccess.login + '\t' + UrlHost( Url ) + '\t' );
			return true;
		}

		if ( ! StrContains( Url, '/objects/' ) )
		{
			return true;
		}

		if ( Doc == undefined )
		{
//DELETE, WRITE file
			try
			{
				Doc = OpenDoc( Url, 'form=wtv_uni_doc.xmd;ignore-top-elem-name=1;digest=1' );
				curObjectAccess = Doc.TopElem;
			}
			catch ( err )
			{
				return true;
			}

			if ( curObjectAccess.ChildExists( 'is_std' ) &amp;&amp; curObjectAccess.is_std )
			{
				throw UiError( 'Нельзя удалить стандартный объект.' );
			}

			docName = curObjectAccess.top_elem_name.Value;
			sCan = 'delete';
		}
		else
		{
//WRITE
			curObjectAccess = Doc.TopElem;
			docName = curObjectAccess.Name;
			sCan = 'write';
		}

		if ( curObjectAccess.ChildExists( 'doc_info' ) &amp;&amp; curObjectAccess.doc_info.invariable &amp;&amp; global_settings.interface_mode != 'edit' )
		{
			LogEvent( 'auth-events', 'save_user_failure\tLDS\t' + curUserAccess.login + '\t' + UrlHost( Url ) + '\t' );
			throw UiError( 'Нельзя сохранить неизменяемый объект.' );
		}

		var oRes = tools_auth.check_lds_access_obj( curUserAccess, Doc, sCan );
		if ( oRes.error != 0 )
		{
			LogEvent( 'auth-events', oRes.error_text + '\tLDS\t' + curUserAccess.login + '\t' + UrlHost( Url ) + '\t' );
			throw UiError( ms_tools.get_const('r1qggh1a3j') );
		}
		if ( docName == 'collaborator' )
		{
			// !!! wtv_uni_doc.xmd change !!!
			LogEvent( 'auth-events', ( sCan == 'delete' ? 'delete_user\tLDS\t' : 'save_user\tLDS\t' ) + curUserAccess.login + '\t' + UrlHost( Url ) + '\t' );
			if( sCan != 'delete' )
			{
				for ( sFieldName in ['login','password','access.web_banned','access.access_role','access.is_arm_admin','access.is_application_admin','access.is_content_admin'] )
				{
					if ( check_child_exists( curObjectAccess, sFieldName ) &amp;&amp; curObjectAccess.EvalPath( sFieldName ).Value != curObjectAccess.last_data.Child( StrContains( sFieldName, '.' ) ? StrRightRangePos( sFieldName, sFieldName.indexOf( '.' ) + 1 ) : sFieldName ).Value )
					{
						LogEvent( 'auth-events', 'change_user_access_data:' + sFieldName + '\tLDS\t' + curUserAccess.login + '\t' + UrlHost( Url ) + '\t' );
					}
				}
			}
		}
"/>


<OnCheckCallServerMethod PROPERTY="1" EXPR="
//alert('OnCheckCallServerMethod');
//alert('AuthLogin = '+Request.AuthLogin);
//alert('UserDocUrl = '+UserDocUrl);
//alert('CodeLib = '+CodeLib.Name);
//alert('MethodDecl = '+MethodDecl.Name);
//if (Args!=undefined) {  alert('Args = '+EncodeJson(Args));  }

		if ( CurAuthObject.access.is_arm_admin &amp;&amp; ArrayOptFindByKey( CurAuthObject.access.access_role.ForeignElem.access_blocs, true, 'can_read' ) != undefined )
		{
			return true;
		}

		var sLibName = CodeLib.Name;
		var sMethodName = MethodDecl.Name;
		if ( sMethodName == 'call_code_library_method' || sMethodName == 'eval_remote_action_step' || sMethodName == 'evaluate_remote_collection_obj' )
		{
			if ( Args == undefined )
			{
				throw UiError( ms_tools.get_const('r1qggh1a3j') );
			}
		}

		var oClaim = undefined;
		switch ( sMethodName )
		{
			case 'eval_remote_action_step':
			{
				var sObjectID = Args[ 0 ];
				var iObjectID = OptInt( sObjectID );
				var oUserAccessClaims = tools_auth.get_lds_claim_access_obj( CurAuthObject, 'actions' );
				if ( iObjectID == undefined )
				{
					oClaim = ArrayOptFindByKey( oUserAccessClaims.actions, sObjectID, 'code' );
				}
				else
				{
					oClaim = ArrayOptFindByKey( oUserAccessClaims.actions, iObjectID, 'id' );
				}
				break;
			}

			case 'evaluate_remote_collection_obj':
			{
				var sObjectID = Args[ 0 ];
				var iObjectID = OptInt( sObjectID );
				var oUserAccessClaims = tools_auth.get_lds_claim_access_obj( CurAuthObject, 'collections' );
				if ( iObjectID == undefined )
				{
					oClaim = ArrayOptFindByKey( oUserAccessClaims.collections, sObjectID, 'code' );
				}
				else
				{
					oClaim = ArrayOptFindByKey( oUserAccessClaims.collections, iObjectID, 'id' );
				}
				break;
			}

			case 'get_loop_array':
			{
				var sObjectID = Args[ 8 ];
				var iObjectID = OptInt( sObjectID );
				var oUserAccessClaims = tools_auth.get_lds_claim_access_obj( CurAuthObject, 'collections' );
				oClaim = ArrayOptFindByKey( oUserAccessClaims.collections, iObjectID, 'id' );
				break;
			}

			case 'call_code_library_method':
			{
				sLibName = Args[ 0 ];
				sMethodName = Args[ 1 ];
			}
			default:
			{
				var oUserAccessClaims = tools_auth.get_lds_claim_access_obj( CurAuthObject, 'admin_configuration_methods' );
				oClaim = ArrayOptFind( oUserAccessClaims.methods, 'This.name==' + CodeLiteral( sLibName ) + '&&This.elem==' + CodeLiteral( sMethodName ) );
			}
		}
		if ( oClaim != undefined &amp;&amp; oClaim.execute == true )
		{
			return true;
		}

		throw UiError( ms_tools.get_const('r1qggh1a3j') );
"/>


<OnWebRequest PROPERTY="1" EXPR="

		tools_web.transform_fancy_url(Request);


		if ( (tools.sys_db_capability &amp; tools.UNI_CAP_BASIC) != 0 )
		{
			tools.spxml_unibridge.Object.provider.SetRunMode( 1 ); //Web Fast Run
		}

		if ( (tools.sys_db_capability &amp; tools.UNI_CAP_APP_INSIGHTS) != 0 )
		{
			tools.spxml_unibridge.Object.provider.SetCorrelationID();
			tools.spxml_unibridge.Object.provider.ResetCPUThreadUsage();
		}

		if ( Request.UrlPath == '/services/LdsService' || Request.UrlPath == '/api/spxml/CallMethod' )
		{
			if ( global_settings.settings.lds_url_pattern.HasValue &amp;&amp; ! StrMatchesMultiPattern( Request.UrlHost, global_settings.settings.lds_url_pattern ) )
				Cancel();

			return;
		}

		if ( Request.UrlPath == '/xhttp' || StrBegins( Request.UrlPath, '/spxml_web/' ) || StrBegins( Request.UrlPath, '/api/spxml/' ) || StrBegins( Request.UrlPath, '/api/spxml2/' ) || StrBegins( Request.UrlPath, '/lds/' ) )
		{
			return;
		}

		if (Request.UrlPath == '/admin')
		{
			Request.PermanentRedirect('/spxml_web/main.htm');
			return;
		}

		if(StrContains(Request.UrlPath,'.jnlp'))
		{
			sResult = EvalCodePageUrl( 'x-local://wt/web' + Request.UrlPath );
			Request.RespContentType = 'application/x-java-jnlp-file';
			Request.RespStream.WriteStr( sResult );
			return ;
		}

		if(StrBegins( Request.UrlPath,'/balancerstate' ))
		{
			if(!tools.spxml_unibridge.Object.provider.ExcludedFromLoadBalancer)
				Request.SetRespStatus( 200, 'ok' );
			else
				Request.SetRespStatus( 500, 'Instance excluded from load balancer' );
			return
		}

		if ( StrBegins( Request.UrlPath, '/lrs/' ) &amp;&amp; ! StrContains( Request.UrlPath, '.' ) )
		{
			Request.HandlerUrl = 'x-local://wt/web' + Request.UrlPath + '.html';
			return;
		}

		if ( StrBegins( Request.UrlPath, '/chatbot/' ) &amp;&amp; ! StrContains( Request.UrlPath, '.' ) )
		{
			Request.HandlerUrl = UrlAppendPath( FilePathToUrl( AppDirectoryPath() ), '/wt/web/chatbot_api.xml' );
			Request.UrlParam = 'bot_id=' + UrlFileName( Request.UrlPath );
			return;
		}

		if ( StrEnds( Request.UrlPath, '.html/' ) )
		{
			Request.Redirect( StrReplace( Request.Url, '.html/', '.html' ) );
			return;
		}

		if (StrBegins( Request.UrlPath, '/resource_data/auxilary/' ))
		{
			var fdt = StrRangePos(Request.UrlPath, 24, -1).split('/');
			var c = ArrayCount(fdt)
			if (c > 2)
			{
				Request.HandlerUrl = 'x-local://wt/web/download_file.html';
				Request.UrlParam = 'file_id=' + OptInt(fdt[0], 0) + '&add_id=' + UrlEncode(ArrayMerge(ArrayRange(fdt, 2, -1), 'This', '/')) + '&add_key_code=' + UrlEncode(fdt[1]);
			}
			return;
		}

		if (global_settings.settings.use_web_rules.Value)
		{
			if (global_settings.settings.web_rules.exclude_path_list.Value == '' || ArrayOptFind(global_settings.settings.web_rules.exclude_path_list.Value.split(','), 'StrBegins(' +CodeLiteral(Request.UrlPath)+ ', This)') == undefined)
			{
				var _sUrlFullPath = Request.UrlPath + ( Request.UrlParam != '' ? '?' + Request.UrlParam : '' );
				var _sUrlPath = Request.UrlPath;

				var bUpdateCurHostInfo = true;
				var curHostName = tools_web.get_host_name( Request.Url );
				var resEnv = tools_web.get_user_data( 'cur_host_info_' + curHostName );
				if ( resEnv == null )
				{
					resEnv = tools_web.get_host_obj( Request );
					curErrorText = resEnv.GetOptProperty( 'curErrorText', '' );
					if ( curErrorText != '' )
					{
						Request.SetRespStatus( 500, curErrorText );
						alert( curErrorText );
						return;
					}
					tools_web.set_user_data( 'cur_host_info_' + curHostName, {
						curWebDesignID: resEnv.curWebDesignID,
						curSiteID: resEnv.curSiteID
					}, global_settings.settings.auth_session_life_time, 'cur_host_info_list' );
				}

				var _catRuleElem;
				var _xarrRules = ArraySort( ArraySelect( tools_web.get_enabled_web_rules(), '(This.is_pattern||This.url==' + CodeLiteral( _sUrlPath ) + '||This.url==' + CodeLiteral( _sUrlFullPath ) + ')' + ( resEnv.curWebDesignID == null ? '' : '&amp;&amp;(This.web_design_id==null||This.web_design_id==' + resEnv.curWebDesignID + ')' ) + ( resEnv.curSiteID == null ? '' : '&amp;&amp;(This.site_id==null||This.site_id==' + resEnv.curSiteID + ')' ) ), 'web_design_id', '-', 'weight', '+' );
				var _sRedirect = '';
				for (_catRuleElem in _xarrRules)
				{
					if (!_catRuleElem.is_pattern.Value || StrMatchesPattern(_sUrlPath, _catRuleElem.url))
					{
						if (_catRuleElem.redirect_type == 3)
						{
							_sRedirect = OpenDoc(UrlFromDocID(_catRuleElem.PrimaryKey)).TopElem.script_validate(_sUrlPath, Request.UrlParam);
						}
						else if ( _catRuleElem.redirect_type == 4 )
						{
							_sRedirect = '/';
						}
						else
						{
							_sRedirect = Trim(_catRuleElem.redirect_url.Value);
							if (_catRuleElem.is_pattern.Value &amp;&amp; _catRuleElem.use_matches.Value)
							{
								_sRedirect = tools_web.build_submatched_string(_catRuleElem.url, _sUrlPath,_sRedirect);
							}
						}
						break;
					}
				}
				if(ObjectType(_sRedirect) == 'JsObject')
				{
					switch(_sRedirect.type)
					{
						case 'success':
							break;
						case 'redirect':
							Request.Redirect((StrBegins(_sRedirect.url, '/') ? '': '/') + _sRedirect.url);
							Cancel();
							break;
						case 'exception':
							Request.SetRespStatus( 403, _sRedirect.GetOptProperty('message', 'Forbidden'));
							return;
						case 'error':
						default:
							Request.SetRespStatus( 500, _sRedirect.GetOptProperty('message', 'Web Rule script error'));
							alert( _sRedirect.GetOptProperty('message', 'Web Rule script error') );
							break;
					}
				}
				else if (_sRedirect != '')
				{
					var _oUrlQuery = UrlQuery( Request.Url );
					if ( _catRuleElem.redirect_type == 4 )
					{
						Request.PermanentRedirect( tools_web.get_web_mode_clean_url( _catRuleElem.redirect_web_mode_id, null, _oUrlQuery ) );
					}
					else
					{
						if (!StrBegins(_sRedirect, '/'))
							_sRedirect = '/' + _sRedirect;

						var _vRedirectQuery, bHasQuery = false;
						for (_vRedirectQuery in _oUrlQuery)
						{
							bHasQuery = true;
							break;
						}
						_vRedirectQuery = UrlQuery(_sRedirect);
						var _sRedirectPath = UrlPath(_sRedirect);
						if (bHasQuery)
						{
							//tools.extend_object(_vRedirectQuery, _oUrlQuery);
							tools.extend_object( _oUrlQuery, _vRedirectQuery );
							_vRedirectQuery = UrlEncodeQuery( _oUrlQuery );
						}
						else
						{
							_vRedirectQuery = UrlEncodeQuery( _vRedirectQuery );
						}

						if (_catRuleElem.redirect_type == 2)
						{
							var bOkAuth = false;
							Env = Request.Session.GetOptProperty('Env');
							bOkAuth = ( Env != undefined &amp;&amp; Env.GetOptProperty( 'curUserID', null ) != null );
							if ( !bOkAuth )
							{
								Request.HandlerUrl = 'x-local://wt/web' + _sRedirectPath;
								Request.UrlParam = _vRedirectQuery;
								return;
							}
						}
						else if (_catRuleElem.redirect_type == 1)
						{
							Request.PermanentRedirect(_sRedirectPath + (_vRedirectQuery != '' ? '?' + _vRedirectQuery : ''));
						}
						else
						{
							Request.HandlerUrl = 'x-local://wt/web' + _sRedirectPath;
							Request.UrlParam = _vRedirectQuery;
							return;
						}
					}
				}
			}
		}

		sUrlSuffix = UrlPathSuffix( Request.UrlPath );

		if ( StrBegins( Request.UrlPath, '/encrypted/' ) )
		{
			sEncFileName = StrReplace(Request.UrlPath, '/encrypted/', '');
			sEncFileName = String(sEncFileName).substr(0, String(sEncFileName).indexOf('/'));
			sUrl = StrReplace(String(Request.UrlPath), '/encrypted/' + sEncFileName + '/', '');

			iCourseId = Int(StrReplace(sEncFileName, '.wft', ''));
			sEnryptedFilePath = UrlAppendPath( FilePathToUrl( AppDirectoryPath() ), 'wt/web/encrypted/' + sEncFileName );

			try
			{
				SharedDecryptionXMLKey = tools_web.get_user_data( 'decryption_key_' + iCourseId );
			}
			catch(x)
			{
				SharedDecryptionXMLKey = null;
			}
			if ( SharedDecryptionXMLKey == null )
			{
				for ( catLicense in licenses )
				{
					teLicense = OpenDoc( UrlFromDocID( catLicense.PrimaryKey ) ).TopElem;
					if( teLicense.courses.ChildByKeyExists( iCourseId ) )
					{
						bEncrypted = true;
						SharedDecryptionXMLKey = teLicense.decryption_key.Value;
						tools_web.set_user_data( 'decryption_key_' + iCourseId, SharedDecryptionXMLKey, 86400 );
						break;
					}
				}
			}

			tools.encrypt_lib_obj.Encrypt_Init();
			Request.RespWriteMode='direct';
			ok=tools.encrypt_lib_obj.Encrypt_CheckContent(sEnryptedFilePath,SharedDecryptionXMLKey, 0);
			if (ok==0)
			{
				OutBuf = new String();
				OutBuf.Allocate(2048);
				tools.encrypt_lib_obj.Encrypt_GetLastErrorMessage(OutBuf,2048);
				alert('Library license error: ' + OutBuf);
				Request.SetRespStatus( 500, 'Internal Server Error' );
				tools.encrypt_lib_obj.Encrypt_Finish();
				return;
			}
			sFilePath=StrReplace(sUrl, '/', '\\');
			ok=tools.encrypt_lib_obj.Encrypt_Init();
			Request.RespContentType = tools_web.url_std_content_type( sFilePath );
			ok=tools.encrypt_lib_obj.Encrypt_WriteContentItem(sEnryptedFilePath,SharedDecryptionXMLKey,sFilePath,Request.Session,Request.RespStream);
			//ok=tools.encrypt_lib_obj.Encrypt_WriteContentItem(sEnryptedFilePath,SharedDecryptionXMLKey,sFilePath,Request.Session,1);
			if (ok==0)
			{
				OutBuf = new String();
				OutBuf.Allocate(2048);
				tools.encrypt_lib_obj.Encrypt_GetLastErrorMessage(OutBuf,2048);
				alert('Library license error: ' + OutBuf);
				Request.SetRespStatus( 500, 'Internal Server Error' );
				tools.encrypt_lib_obj.Encrypt_Finish();
				return;
			}
			tools.encrypt_lib_obj.Encrypt_Finish();
			return;
		}

		if ( Request.UrlPath != '/' &amp;&amp; (tools.sys_db_capability &amp; tools.UNI_CAP_BLOB_STREAM) != 0 &amp;&amp; ! StrBegins( Request.UrlPath,'/services/' ) &amp;&amp; ! StrBegins( Request.UrlPath,'/xhttp' ) )
		{
			sUrl = 'x-local://wt/web' + Request.UrlPath;
			bFilePathExists = null;
			if ( sUrlSuffix != '.html' &amp;&amp; sUrlSuffix != '.htm' )
			{
				oResponseSet = tools_web.set_modified_response_status( Request, sUrl );
				if ( oResponseSet.ResponseStatus != 200 )
					return;
				bFilePathExists = oResponseSet.FilePathExists;
			}

			if ( bFilePathExists == null )
				bFilePathExists = FilePathExists(UrlToFilePath( UrlDecode( sUrl ) ) );

			if ( ! bFilePathExists )
			{
				try
				{
					iUrlLenth = tools.spxml_unibridge.Object.provider.FetchUrlAttribute( sUrl, 'Length' );
					if ( iUrlLenth != undefined )
					{
						Request.AddRespHeader( 'Content-Length', iUrlLenth );
						Request.RespContentType = tools_web.url_std_content_type( sUrl );
						tools_web.write_url_to_response( sUrl, Request, null );
					}
				}
				catch ( err )
				{
					alert( err + ' : ' + sUrl );
					//Request.SetRespStatus( 404, 'Not Found' );
				}
				return;
			}
		}

		if ( StrBegins( Request.UrlPath,'/xhttp' ) || ( global_settings.settings.auth_check_eval.HasValue &amp;&amp; eval( global_settings.settings.auth_check_eval ) == true ) )
		{
			sUrlQuery = UrlQuery( Request.Url );
			sTempHash = sUrlQuery.GetOptProperty( 'hash', '-1' );
			oSystemTempHash = sTempHash == '-1' ? null : tools_web.get_user_data( 'tmp_hash' );
			if( oSystemTempHash == null || sTempHash != String(oSystemTempHash.value) )
			{
				try
				{
					bAnonymousAccess = false;
					teDocument = null;
					sAccessObjectUrl = '';
					if ( Request.UrlPath == '/xhttp_res' )
					{
						sDocUrl = sUrlQuery.GetOptProperty( 'doc_url' );
						if ( sDocUrl == undefined )
						{
							sUrl = sUrlQuery.GetProperty( 'url' );
							if ( ! StrBegins( sUrl, global_settings.courses_path ) )
							{
								Request.SetRespStatus( 404, 'Not Found' );
								alert( 'ERROR xhttp_res: Url is not allowed ' + sUrl );
								Cancel();
							}
							sUrl = StrReplace( sUrl, global_settings.courses_path + ( StrEnds( global_settings.courses_path, '/' ) ? '' : '/' ), '' );
							arrUrl = sUrl.split( '/' );
							catCourse = ArrayOptFirstElem( XQuery( 'for $elem in courses where $elem/code = ' + XQueryLiteral( String( tools.decode_course_folder( arrUrl[ 0 ] ) ) ) + ' return $elem' ) );
							if ( catCourse == undefined )
							{
								return;
							}
							sAccessObjectUrl = UrlFromDocID( catCourse.id );
						}
						else
						{
							if ( ! StrBegins( sDocUrl, 'x-local://' ) &amp;&amp; ! StrBegins( sDocUrl, '/' ) )
							{
								Request.SetRespStatus( 404, 'Not Found' );
								alert( 'ERROR xhttp_res: DocUrl schema is not allowed ' + sDocUrl );
								Cancel();
							}
							sAccessObjectUrl = sDocUrl;
						}
					}
					if ( sAccessObjectUrl != '' )
					{
						try
						{
							teDocument = OpenDoc( sAccessObjectUrl, 'form=x-local://wtv/wtv_form_doc_access.xmd;ignore-top-elem-name=1' ).TopElem;
						}
						catch ( ee )
						{
							Request.SetRespStatus( 404, 'Not Found' );
							alert( 'ERROR xhttp_res: Can not open ' + sAccessObjectUrl );
							Cancel();
						}
						bAnonymousAccess = teDocument.access.enable_anonymous_access;
					}

					if ( StrBegins( Request.UrlPath,'/xhttp_info' ) &amp;&amp; Request.RemoteIP == '127.0.0.1' &amp;&amp; tools_web.get_user_data( 'xhttp_info_request_' + sUrlQuery.GetOptProperty( 'r', 'error' ) ) == '1' )
					{
						tools_web.remove_user_data('xhttp_info_request_' + sUrlQuery.GetProperty('r'));
					}
					else if ( ! bAnonymousAccess )
					{
						oUserInit = tools_web.user_init( Request, {} );

						if ( oUserInit.access )
						{
							Env = Request.Session.Env;
							if ( teDocument != null &amp;&amp; ! tools_web.check_access( teDocument, Env.curUserID, Env.curUser, Request.Session ) )
								throw alert( 'Access xhttp_res denied. Document access falied.' );

							if ( StrBegins( Request.UrlPath,'/xhttp_info' ) &amp;&amp; ! ms_tools.check_access_block_rights( 'prop', 'read', Env.curUser ) )
								throw alert( 'Access xhttp_info denied. Access block rights falied.' );
						}
						else
						{
							switch ( oUserInit.error_code )
							{
								case 'redirect':
									Request.Redirect( oUserInit.redirect );
									Cancel();
									break;

								default:
									switch ( oUserInit.auth_type )
									{
										case 'ntlm':
											Request.SetWrongAuth( 'basic=0;ntlm=1;' );
											Cancel();
											break;
										case 'basic':
											Request.SetWrongAuth();
											Cancel();
											break;
									}
									throw oUserInit.error_code;
									break;
							}
						}
					}
				}
				catch ( err )
				{
					if ( ! IsCancelError( err ) )
					{
						Request.SetRespStatus( 401, 'Unauthorized' );
						alert( err );
					}
					Cancel();
				}
			}
		}

		if ( global_settings.settings.disp_log_web_request )
		{
			_auth_login_str = Request.AuthLogin == '' ? ' - ' : ' &quot;' + Request.AuthLogin + '&quot; ';
			if ( ( _auth_login_str != ' - ' || global_settings.settings.log_web_request_rec_unloged ) &amp;&amp; ( ! global_settings.settings.web_request_logging_str.HasValue || ! StrMatchesMultiPattern( FileName( Request.Url ), global_settings.settings.web_request_logging_str ) ) )
			{
				_cs_uri_stem = ' ' + Request.UrlPath + ( Request.UrlParam != '' ? '?' + Request.UrlParam : '' );
				_header = Request.Header;
				LogEvent( 'web_request', 	StrReplace(StrLowerCase(StrXmlDate(Date())),'t',' ') + ' ' + Request.RemoteIP + _auth_login_str + Request.UrlHost + ' - ' + Request.Method + _cs_uri_stem + ' - - - - - ' + ( _header.HasProperty( 'User-Agent' ) ? '&quot;' + StrReplace( _header.GetProperty( 'User-Agent' ), ' ', '+' ) + '&quot;' : '-' ) );
			}
		}

		//   Not Modified for dinamic CSS
		sHeaderAccept = Request.Header.GetOptProperty( 'Accept' );
		if ( StrContains( sHeaderAccept, 'text/css' ) &amp;&amp; StrContains( Request.UrlPath, 'custom_web_template.html' ) )
		{
			dtModified = DateOffset( CurDate, 0-86400 );
			Request.AddRespHeader( 'Last-Modified', StrMimeDate( dtModified ) );
			sHeaderIfModifiedSince = Request.Header.GetOptProperty( 'If-Modified-Since', '' );
			if ( sHeaderIfModifiedSince != '' )
			{
				sHeaderIfModifiedSince = StrLeftRange( sHeaderIfModifiedSince, String( sHeaderIfModifiedSince ).indexOf( ';' ) );
				try
				{
					dtHeaderIfModifiedSince = ParseMimeDate( sHeaderIfModifiedSince );
				}
				catch ( err )
				{
					return;
				}
				if ( dtModified &lt; dtHeaderIfModifiedSince )
				{
					Request.SetRespStatus( 304, 'Not Modified' );
					return;
				}
			}
		}

		if ( StrBegins( Request.UrlPath, '/webtutor/' ) &amp;&amp; (tools.sys_db_capability &amp; tools.UNI_CAP_DATA_STORAGE) != 0 )
		{
			try
			{
				iUrlLenth = tools.spxml_unibridge.Object.provider.FetchUrlAttribute( sUrl, 'Length' );
				if ( iUrlLenth != undefined )
				{
					Request.AddRespHeader( 'Content-Length', iUrlLenth );
					Request.RespContentType = tools_web.url_std_content_type( sUrl );
					tools_web.write_url_to_response( sUrl, Request, null );
				}
			}
			catch ( err )
			{
				alert( err + ' : ' + sUrl );
				Request.SetRespStatus( 404, 'Not Found' );
			}
			return;
		}

		fldContentType = tools_web.content_types.Object.GetOptChildByKey( sUrlSuffix );
		if ( fldContentType != undefined )
		{
			Request.RespContentType = fldContentType.type.Value;
			//Request.AddRespHeader( 'Content-Type', fldContentType.type.Value );
		}

		sRange = Request.Header.GetOptProperty( 'Range' );
		if ( sRange != undefined )
		{
			arrRange = StrReplace( StrReplace( sRange, 'bytes=', '' ), 'bytes ', '' ).split( '-' );
			//arrRange = StrReplace( sRange, StrReplace( sRange, 'bytes=', '' ).split( '-' );
			iStartIndex = OptInt( arrRange[ 0 ] );
			if ( iStartIndex != undefined )
			{
				sFileUrl = '';
				sResourceType = '';
				if ( StrContains( Request.Url, 'download_file.html' ) )
				{
					oUrlQuery = UrlQuery( Request.Url );
					iFileID = Int( oUrlQuery.GetOptProperty( 'file_id' ) );
					teResource = OpenDoc( UrlFromDocID( iFileID ) ).TopElem;
					sFileUrl = tools.file_source_get_file_url(teResource.file_source,teResource.file_url.Value);
					//alert( 'sFileUrl '+sFileUrl )
				}
				else
				{
					sFileUrl = UrlAppendPath( global_settings.web_path, UrlDecode( Request.UrlPath ) );
				}
				try
				{
					if ( (tools.sys_db_capability &amp; tools.UNI_CAP_BASIC) != 0 )
					{
						iLen = tools.spxml_unibridge.Object.provider.FetchUrlAttribute( sFileUrl, 'Length' );
						if ( iLen != undefined )
							sResourceType = 'chunk';
					}
					if ( sResourceType == '' )
					{
						iLen = UrlFileSize( sFileUrl );
						sResourceType = 'stream';
					}
				}
				catch ( err )
				{
					sFileUrl = '';
				}
				var iSize = 1024*1024;
				if ( sFileUrl != '' &amp;&amp; UrlPathSuffix( sFileUrl ) != '.webm' &amp;&amp; iLen &gt;= iSize )
				{

					iFinishIndex = OptInt( arrRange[ 1 ] );
					if ( iFinishIndex == undefined )
					{
						iFinishIndex = iLen;
						iDelta = iFinishIndex - iStartIndex;

						if ( iDelta &gt; iSize )
							iFinishIndex = iStartIndex + iSize;
					}

					if ( iStartIndex &gt;= iFinishIndex || iFinishIndex &gt; iLen )
					{
						Request.SetRespStatus( 416, 'Requested range not satisfiable' );
						return;
					}

					var iTempStartIndex = iStartIndex;
					var iTempFinishIndex;

					Request.AddRespHeader( 'Accept-Ranges', 'bytes' );


					Request.AddRespHeader( 'Range', 'bytes=' + iStartIndex + '-' + iFinishIndex );
					Request.AddRespHeader( 'Content-Range', 'bytes ' + iStartIndex + '-' + iFinishIndex + '/' + ( iLen + 1 ) );

					Request.RespWriteMode = 'direct';
					Request.RespContentType = tools_web.url_std_content_type( sFileUrl );
					Request.SetRespStatus( 206, 'Partial Content' );

					var iAllResLen = 0;
					while( iTempStartIndex < iFinishIndex )
					{
						iTempFinishIndex = iTempStartIndex + iSize;
						if( iTempFinishIndex >= iFinishIndex )
						{
							iTempFinishIndex = iFinishIndex;
						}
						switch ( sResourceType )
						{
							case 'stream':
								sData = LoadFileDataRange( UrlToFilePath( sFileUrl ), iTempStartIndex, ( iTempFinishIndex ) );
								iResLen = StrLen( sData );
								break;

							case 'chunk':
								try
								{
									oData = tools.spxml_unibridge.Object.provider.GetUrlChunk( sFileUrl, iTempStartIndex, ( iTempFinishIndex - iTempStartIndex + 1 ) );
									sData = oData.GetValue();
									iResLen = oData.GetLength();
									oData.Dispose();
								}
								catch(e)
								{
									if (oData!=undefined)
									{
										oData.Dispose();
									}
									throw e;
								}
								break;
						}
						iAllResLen += iResLen;
						if ( sResourceType == 'stream' )
							Request.RespStream.WriteStr( sData );
						else
							Request.RespStream.WriteBinary( sData );

						iTempStartIndex = iTempFinishIndex;
					}
					Request.AddRespHeader( 'Content-Length', iAllResLen );
					return;
				}
			}
		}
"/>

<OnWebRequestFinish PROPERTY="1" EXPR="

if (Request.Url!='')
{
	if ( global_settings.settings.set_st_category &amp;&amp; (tools.sys_db_capability &amp; tools.UNI_CAP_BASIC) != 0 )
	{
		try
		{
			tools.spxml_unibridge.Object.provider.ReleaseSTCategory();
		}
		catch ( err_st )
		{
			alert( err_st );
		}
	}


	if ((tools.sys_db_capability &amp; tools.UNI_CAP_APP_INSIGHTS) != 0)
	{
		var ts = GetCurTicks() - Request.StartTicks;

		if (ts>tools.app_insights_threshold)
		{
		oData = new Object();

	               	doc_id = tools.spxml_unibridge.Object.provider.GetThreadDictionaryValue('doc_id');
	               	object_id = tools.spxml_unibridge.Object.provider.GetThreadDictionaryValue('object_id');
	               	user_id = tools.spxml_unibridge.Object.provider.GetThreadDictionaryValue('user_id');
	               	action_id = tools.spxml_unibridge.Object.provider.GetThreadDictionaryValue('action_id');
	               	template_id = tools.spxml_unibridge.Object.provider.GetThreadDictionaryValue('template_id');
	               	session_id = tools.spxml_unibridge.Object.provider.GetThreadDictionaryValue('session_id');
	               	cur_user = tools.spxml_unibridge.Object.provider.GetThreadDictionaryValue('cur_user');
			ip = Request.RemoteIP;
	               	page_type = tools.spxml_unibridge.Object.provider.GetThreadDictionaryValue('page_type');

			if (doc_id!=undefined)
			{
	               		oData.doc_id = doc_id;
			}
			if (object_id!=undefined)
			{
	               		oData.object_id = object_id;
			}
			if (user_id!=undefined)
			{
	               		oData.user_id = user_id;
			}
			if (action_id!=undefined)
			{
	               		oData.action_id = action_id;
			}
			if (template_id!=undefined)
			{
	               		oData.template_id = template_id;
			}
			if (session_id!=undefined)
			{
	               		oData.session_id = session_id;
			}
			if (cur_user!=undefined)
			{
	               		oData.login = cur_user;
			}
			else
			{
	               		oData.login = 'anonymous';
			}
			if (ip!=undefined)
			{
	               		oData.ip = ip;
			}
		/*
		alert(tools.object_to_text(oData,'json'));
		*/
			if (page_type=='r')
			{
	               		tools.spxml_unibridge.Object.provider.TrackRequest(StrRightRangePos(Request.UrlPath,1),Request.Url,ts,tools.object_to_text(oData,'json'));
			}
			else
			{
	               		tools.spxml_unibridge.Object.provider.TrackPageView(StrRightRangePos(Request.UrlPath,1),Request.Url,ts,tools.object_to_text(oData,'json'));
			}

			tools.spxml_unibridge.Object.provider.ReleaseCorrelationID();
		}
	}

	if ( (tools.sys_db_capability &amp; tools.UNI_CAP_BASIC) != 0 )
	{

		tools.spxml_unibridge.Object.provider.CleanUpThreadResources();
		tools.spxml_unibridge.Object.provider.ClearStackComments();
		tools.spxml_unibridge.Object.provider.ClearThreadDictionary();
/*
ts1=GetCurTicks();
	 tools.spxml_unibridge.Object.provider.CleanUpThreadResources();
	 tools.spxml_unibridge.Object.provider.ClearStackComments();

	alert(Request.Url+'key:'+tools.spxml_unibridge.Object.provider.GetThreadDictionaryValue('key'));

	 tools.spxml_unibridge.Object.provider.ClearThreadDictionary();
ts2 = GetCurTicks() - ts1;

ts3 = GetCurTicks() - Request.StartTicks;

alert(Request.Url+' : clean ticks:'+ts2+' tck');
alert(Request.Url+' : page ticks:'+ts3+' tck');
*/

	}
}

"/>
<!--
	_dateStr+_client_ip+_person +_server_computername+_server_port+_method+_cs_uri_stem+_cs_uri_query+_sc_status+_sc_bytes+_cs_bytes+_time_taken+_User_Agent;
-->


<OnGetClientAppInfo PROPERTY="1" EXPR="
//alert('OnGetClientAppInfo START')

	appInfo = new Object;

	appInfo.start_url = 'x-local://wtv/wtv_view_main.xml';
	appInfo.ui_style = 'portal';
	//appInfo.use_mdi = true;

	return appInfo;
"/>


</SPXML-INLINE-FORM>